Time (sec),AF Correction 1 (%),AF Learning 1 (%),AF Learning 3 (%),AF Sens 1 Ratio (AFR),Accel Position (%),Boost (psi),Calculated Load (g/rev),Comm Fuel Final (AFR),Coolant Temp (F),Dyn Adv Mult (DAM),Feedback Knock (deg),Fine Knock Learn (deg),Fuel Pressure (psi),Gear Position (gear),Ignition Timing (deg),Inj Duty Cycle (%),Intake Temp (F),Intake Temp Manifold (F),Oil Temp (F),RPM (RPM),Target Boost Final Rel (psi),Throttle Pos (%),Vehicle Speed (mph),Roughness Cyl 1 (count),AP Info:[AP3-SUB-006 v0.0.0-1][2024 USDM WRX MT SAMPLE DATA][Reflash: Sample Map Wastegate Vacation - 18psi 93oct.ptm]
0.00,0.40,-1.50,1.50,14.61,12.0,-7.40,0.420,14.70,188.0,1.00,0.00,0.00,720,3,14.0,3.5,76.0,84.0,196.0,1710.0,0.00,10.0,27.0,0,
0.05,0.40,-1.50,1.50,14.61,12.0,-7.40,0.420,14.70,188.0,1.00,0.00,0.00,720,3,14.0,3.5,76.0,84.0,196.0,1714.0,0.00,10.0,27.1,0,
0.10,0.40,-1.50,1.50,14.62,12.0,-7.40,0.420,14.70,188.0,1.00,0.00,0.00,720,3,14.0,3.5,76.0,84.0,196.0,1718.0,0.00,10.0,27.2,0,
0.15,0.40,-1.50,1.50,14.62,12.0,-7.40,0.420,14.70,188.0,1.00,0.00,0.00,720,3,14.0,3.5,76.0,84.0,196.0,1722.0,0.00,10.0,27.3,0,
0.20,0.40,-1.50,1.50,14.63,12.0,-7.40,0.420,14.70,188.0,1.00,0.00,0.00,720,3,14.0,3.5,76.0,84.0,196.0,1726.0,0.00,10.0,27.4,0,
0.25,0.40,-1.50,1.50,14.63,12.0,-7.40,0.420,14.70,188.0,1.00,0.00,0.00,720,3,14.0,3.5,76.0,84.0,196.0,1730.0,0.00,10.0,27.5,0,
0.30,0.40,-1.50,1.50,14.63,12.0,-7.40,0.420,14.70,188.0,1.00,0.00,0.00,720,3,14.0,3.5,76.0,84.0,196.0,1734.0,0.00,10.0,27.6,0,
0.35,0.40,-1.50,1.50,14.64,12.0,-7.40,0.420,14.70,188.0,1.00,0.00,0.00,720,3,14.0,3.5,76.0,84.0,196.0,1738.0,0.00,10.0,27.7,0,
0.40,0.40,-1.50,1.50,14.64,12.0,-7.40,0.420,14.70,188.0,1.00,0.00,0.00,720,3,14.0,3.5,76.0,84.0,196.0,1742.0,0.00,10.0,27.8,0,
0.45,0.40,-1.50,1.50,14.65,12.0,-7.40,0.420,14.70,188.0,1.00,0.00,0.00,720,3,14.0,3.5,76.0,84.0,196.0,1746.0,0.00,10.0,27.9,0,
0.50,0.40,-1.50,1.50,14.65,12.0,-7.40,0.420,14.70,188.0,1.00,0.00,0.00,720,3,14.0,3.5,76.0,84.0,196.0,1750.0,0.00,10.0,28.0,0,
0.55,0.40,-1.50,1.50,14.65,12.0,-7.40,0.420,14.70,188.0,1.00,0.00,0.00,720,3,14.0,3.5,76.0,84.0,196.0,1754.0,0.00,10.0,28.1,0,
0.60,0.40,-1.50,1.50,14.66,12.0,-7.40,0.420,14.70,188.0,1.00,0.00,0.00,720,3,14.0,3.5,76.0,84.0,196.0,1758.0,0.00,10.0,28.2,0,
0.65,0.40,-1.50,1.50,14.66,12.0,-7.40,0.420,14.70,188.0,1.00,0.00,0.00,720,3,14.0,3.5,76.0,84.0,196.0,1762.0,0.00,10.0,28.3,0,
0.70,0.40,-1.50,1.50,14.67,12.0,-7.40,0.420,14.70,188.0,1.00,0.00,0.00,720,3,14.0,3.5,76.0,84.0,196.0,1766.0,0.00,10.0,28.4,0,
0.75,0.40,-1.50,1.50,14.67,12.0,-7.40,0.420,14.70,188.0,1.00,0.00,0.00,720,3,14.0,3.5,76.0,84.0,196.0,1770.0,0.00,10.0,28.5,0,
0.80,0.40,-1.50,1.50,14.67,12.0,-7.40,0.420,14.70,188.0,1.00,0.00,0.00,720,3,14.0,3.5,76.0,84.0,196.0,1774.0,0.00,10.0,28.6,0,
0.85,0.40,-1.50,1.50,14.68,12.0,-7.40,0.420,14.70,188.0,1.00,0.00,0.00,720,3,14.0,3.5,76.0,84.0,196.0,1778.0,0.00,10.0,28.7,0,
0.90,0.40,-1.50,1.50,14.68,12.0,-7.40,0.420,14.70,188.0,1.00,0.00,0.00,720,3,14.0,3.5,76.0,84.0,196.0,1782.0,0.00,10.0,28.8,0,
0.95,0.40,-1.50,1.50,14.69,12.0,-7.40,0.420,14.70,188.0,1.00,0.00,0.00,720,3,14.0,3.5,76.0,84.0,196.0,1786.0,0.00,10.0,28.9,0,
1.00,0.40,-1.50,1.50,13.35,100.0,6.00,0.652,12.80,190.0,1.00,0.00,0.00,2100,3,5.5,14.0,82.0,88.0,202.0,2800.0,6.00,98.0,32.0,0,
1.05,0.40,-1.50,1.50,13.36,100.0,6.00,0.658,12.80,190.0,1.00,0.00,0.00,2102,3,5.6,14.0,82.0,88.0,202.0,2834.3,6.00,98.0,32.5,0,
1.10,0.40,-1.50,1.50,13.36,100.0,6.00,0.665,12.80,190.0,1.00,0.00,0.00,2104,3,5.7,14.1,82.0,88.0,202.0,2868.7,6.00,98.0,32.9,0,
1.15,0.40,-1.50,1.50,13.37,100.0,6.00,0.671,12.80,190.0,1.00,0.00,0.00,2106,3,5.8,14.1,82.0,88.0,202.0,2903.0,6.00,98.0,33.4,0,
1.20,0.40,-1.50,1.50,13.37,100.0,6.06,0.678,12.80,190.0,1.00,0.00,0.00,2109,3,5.9,14.2,82.0,88.0,202.0,2937.4,6.06,98.0,33.9,0,
1.25,0.40,-1.50,1.50,13.38,100.0,7.55,0.710,12.80,190.0,1.00,0.00,0.00,2135,3,5.9,14.2,82.0,88.5,202.0,2971.7,7.55,98.0,34.3,0,
1.30,0.40,-1.50,1.50,13.38,100.0,9.03,0.742,12.80,190.0,1.00,0.00,0.00,2160,3,6.0,14.3,82.0,89.0,202.0,3006.1,18.00,98.0,34.8,0,
1.35,0.40,-1.50,1.50,11.05,100.0,10.52,0.774,10.97,190.0,1.00,0.00,0.00,2186,3,6.0,14.3,82.0,89.4,202.0,3040.4,18.00,98.0,35.3,0,
1.40,0.40,-1.50,1.50,11.04,100.0,12.01,0.806,10.97,190.0,1.00,0.00,0.00,2211,3,6.1,14.4,82.0,89.9,202.0,3074.7,18.00,98.0,35.7,0,
1.45,0.40,-1.50,1.50,11.04,100.0,13.50,0.838,10.97,190.0,1.00,0.00,0.00,2237,3,6.1,14.4,82.0,90.4,202.0,3109.1,18.00,98.0,36.2,0,
1.50,0.40,-1.50,1.50,11.03,100.0,14.99,0.869,10.96,190.0,1.00,0.00,0.00,2263,3,6.2,14.5,82.0,90.8,202.0,3143.4,18.00,98.0,36.6,0,
1.55,0.40,-1.50,1.50,11.02,100.0,16.49,0.901,10.96,190.0,1.00,0.00,0.00,2288,3,6.2,14.6,82.0,91.3,202.0,3177.8,18.00,98.0,37.1,0,
1.60,0.40,-1.50,1.50,11.01,100.0,17.98,0.933,10.96,190.0,1.00,0.00,0.00,2314,3,6.3,14.8,82.0,91.8,202.0,3212.1,18.00,98.0,37.6,0,
1.65,0.40,-1.50,1.50,11.00,100.0,19.47,0.964,10.95,190.0,1.00,0.00,0.00,2339,3,6.3,15.0,82.0,92.3,202.0,3246.5,18.00,98.0,38.0,0,
1.70,0.40,-1.50,1.50,10.99,100.0,20.97,0.995,10.95,190.0,1.00,0.00,0.00,2365,3,6.4,15.1,82.0,92.7,202.0,3280.8,18.00,98.0,38.5,0,
1.75,0.40,-1.50,1.50,10.98,100.0,22.46,1.026,10.95,190.0,1.00,0.00,0.00,2391,3,6.4,15.4,82.0,93.2,202.0,3315.2,18.00,98.0,39.0,0,
1.80,0.40,-1.50,1.50,10.97,100.0,23.95,1.056,10.94,190.0,1.00,0.00,0.00,2416,3,6.5,15.6,82.0,93.7,202.0,3349.5,18.00,98.0,39.4,0,
1.85,0.40,-1.50,1.50,10.96,100.0,25.44,1.087,10.94,190.0,1.00,0.00,0.00,2442,3,6.5,15.8,82.0,94.1,202.0,3383.8,18.00,98.0,39.9,0,
1.90,0.40,-1.50,1.50,10.95,100.0,26.93,1.117,10.94,190.0,1.00,0.00,0.00,2467,3,6.6,16.1,82.0,94.6,202.0,3418.2,18.00,98.0,40.4,0,
1.95,0.40,-1.50,1.50,10.94,100.0,28.42,1.147,10.93,190.0,1.00,0.00,0.00,2493,3,6.6,16.3,82.0,95.1,202.0,3452.5,18.00,98.0,40.8,0,
2.00,0.40,-1.50,1.50,10.94,100.0,29.91,1.177,10.93,190.0,1.00,0.00,0.00,2518,3,6.7,16.6,82.0,95.6,202.0,3486.9,18.00,98.0,41.3,0,
2.05,0.40,-1.50,1.50,10.93,100.0,31.39,1.206,10.93,190.0,1.00,0.00,0.00,2544,3,6.7,16.9,82.0,96.0,202.0,3521.2,18.00,98.0,41.8,0,
2.10,0.40,-1.50,1.50,10.93,100.0,32.87,1.236,10.92,190.0,1.00,0.00,0.00,2570,3,6.8,17.2,82.0,96.5,202.0,3555.6,18.00,98.0,42.2,0,
2.15,0.40,-1.50,1.50,10.93,100.0,34.35,1.265,10.92,190.0,1.00,0.00,0.00,2595,3,6.8,17.6,82.0,97.0,202.0,3589.9,18.00,98.0,42.7,0,
2.20,0.40,-1.50,1.50,10.93,100.0,35.83,1.295,10.92,190.0,1.00,0.00,0.00,2621,3,6.9,17.9,82.0,97.4,202.0,3624.2,18.00,98.0,43.2,0,
2.25,0.40,-1.50,1.50,10.93,100.0,37.31,1.324,10.91,190.0,1.00,0.00,0.00,2646,3,6.9,18.3,82.0,97.9,202.0,3658.6,18.00,98.0,43.6,0,
2.30,0.40,-1.50,1.50,10.93,100.0,38.78,1.354,10.91,190.0,1.00,0.00,0.00,2672,3,7.0,18.7,82.0,98.4,202.0,3692.9,18.00,98.0,44.1,0,
2.35,0.40,-1.50,1.50,10.94,100.0,40.25,1.384,10.91,190.0,1.00,0.00,0.00,2698,3,7.0,19.1,82.0,98.9,202.0,3727.3,18.00,98.0,44.5,0,
2.40,0.40,-1.50,1.50,10.94,100.0,41.72,1.414,10.91,190.0,1.00,0.00,0.00,2723,3,7.1,19.5,82.0,99.3,202.0,3761.6,18.00,98.0,45.0,0,
2.45,0.40,-1.50,1.50,10.94,100.0,43.18,1.445,10.90,190.0,1.00,0.00,0.00,2749,3,7.1,19.9,82.0,99.8,202.0,3796.0,18.00,98.0,45.5,0,
2.50,0.40,-1.50,1.50,10.95,100.0,44.65,1.475,10.90,190.0,1.00,0.00,0.00,2774,3,7.2,20.4,82.0,100.3,202.0,3830.3,18.00,98.0,45.9,0,
2.55,0.40,-1.50,1.50,10.95,100.0,46.11,1.507,10.90,190.0,1.00,0.00,0.00,2800,3,7.2,20.8,82.0,100.7,202.0,3864.6,18.00,98.0,46.4,0,
2.60,0.40,-1.50,1.50,10.95,100.0,47.57,1.538,10.90,190.0,1.00,0.00,0.00,2826,3,7.3,21.3,82.0,101.2,202.0,3899.0,18.00,98.0,46.9,0,
2.65,0.40,-1.50,1.50,10.95,100.0,49.02,1.571,10.90,190.0,1.00,0.00,0.00,2851,3,7.3,21.8,82.0,101.7,202.0,3933.3,18.00,98.0,47.3,0,
2.70,0.40,-1.50,1.50,10.96,100.0,49.97,1.593,10.89,190.0,1.00,0.00,0.00,2869,3,7.4,22.2,82.0,102.0,202.0,3967.7,18.00,98.0,47.8,0,
2.75,0.40,-1.50,1.50,10.95,100.0,49.95,1.595,10.89,190.0,1.00,0.00,0.00,2871,3,7.5,22.5,82.0,102.0,202.0,4002.0,18.00,98.0,48.3,0,
2.80,0.40,-1.50,1.50,10.95,100.0,49.92,1.597,10.89,190.0,1.00,0.00,0.00,2873,3,7.6,22.7,82.0,102.0,202.0,4036.4,18.00,98.0,48.7,0,
2.85,0.40,-1.50,1.50,10.95,100.0,49.90,1.599,10.89,190.0,1.00,0.00,0.00,2875,3,7.7,23.0,82.0,102.0,202.0,4070.7,18.00,98.0,49.2,0,
2.90,0.40,-1.50,1.50,10.94,100.0,49.87,1.603,10.89,190.0,1.00,0.00,0.00,2877,3,7.8,23.2,82.0,102.0,202.0,4105.1,18.00,98.0,49.7,0,
2.95,0.40,-1.50,1.50,10.94,100.0,49.85,1.606,10.89,190.0,1.00,0.00,0.00,2879,3,7.8,23.5,82.0,102.0,202.0,4139.4,18.00,98.0,50.1,0,
3.00,0.40,-1.50,1.50,10.93,100.0,49.83,1.611,10.89,190.0,1.00,0.00,0.00,2881,3,7.9,23.7,82.0,102.0,202.0,4173.7,18.00,98.0,50.6,0,
3.05,0.40,-1.50,1.50,10.92,100.0,49.81,1.615,10.88,190.0,1.00,0.00,0.00,2883,3,8.0,23.9,82.0,102.0,202.0,4208.1,18.00,98.0,51.1,0,
3.10,0.40,-1.50,1.50,10.92,100.0,49.79,1.621,10.88,190.0,1.00,0.00,0.00,2885,3,8.1,24.2,82.0,102.0,202.0,4242.4,18.00,98.0,51.5,0,
3.15,0.40,-1.50,1.50,10.91,100.0,49.77,1.627,10.88,190.0,1.00,0.00,0.00,2887,3,8.2,24.4,82.0,102.0,202.0,4276.8,18.00,98.0,52.0,0,
3.20,0.40,-1.50,1.50,10.90,100.0,49.76,1.634,10.88,190.0,1.00,0.00,0.00,2889,3,8.3,24.7,82.0,102.0,202.0,4311.1,18.00,98.0,52.4,0,
3.25,0.40,-1.50,1.50,10.90,100.0,49.75,1.642,10.88,190.0,1.00,0.00,0.00,2891,3,8.4,24.9,82.0,102.0,202.0,4345.5,18.00,98.0,52.9,0,
3.30,0.40,-1.50,1.50,10.89,100.0,49.74,1.650,10.88,190.0,1.00,0.00,0.00,2893,3,8.5,25.2,82.0,102.0,202.0,4379.8,18.00,98.0,53.4,0,
3.35,0.40,-1.50,1.50,10.88,100.0,49.73,1.659,10.88,190.0,1.00,0.00,0.00,2895,3,8.6,25.4,82.0,102.0,202.0,4414.1,18.00,98.0,53.8,0,
3.40,0.40,-1.50,1.50,10.88,100.0,49.72,1.668,10.88,190.0,1.00,0.00,0.00,2897,3,8.7,25.6,82.0,102.0,202.0,4448.5,18.00,98.0,54.3,0,
3.45,0.40,-1.50,1.50,10.88,100.0,49.72,1.678,10.88,190.0,1.00,0.00,0.00,2899,3,8.8,25.9,82.0,102.0,202.0,4482.8,18.00,98.0,54.8,0,
3.50,0.40,-1.50,1.50,10.88,100.0,49.72,1.688,10.88,190.0,1.00,0.00,0.00,2901,3,8.8,26.1,82.0,102.0,202.0,4517.2,18.00,98.0,55.2,0,
3.55,0.40,-1.50,1.50,10.88,100.0,49.72,1.699,10.88,190.0,1.00,0.00,0.00,2903,3,8.9,26.4,82.0,102.0,202.0,4551.5,18.00,98.0,55.7,0,
3.60,0.40,-1.50,1.50,10.88,100.0,49.73,1.711,10.88,190.0,1.00,0.00,0.00,2905,3,9.0,26.6,82.0,102.0,202.0,4585.9,18.00,98.0,56.2,0,
3.65,0.40,-1.50,1.50,10.89,100.0,49.74,1.722,10.88,190.0,1.00,0.00,0.00,2907,3,9.1,26.8,82.0,102.0,202.0,4620.2,18.00,98.0,56.6,0,
3.70,0.40,-1.50,1.50,10.90,100.0,49.75,1.734,10.88,190.0,1.00,0.00,0.00,2909,3,9.2,27.1,82.0,102.0,202.0,4654.5,18.00,98.0,57.1,0,
3.75,0.40,-1.50,1.50,10.90,100.0,49.76,1.747,10.88,190.0,1.00,0.00,0.00,2911,3,9.3,27.3,82.0,102.0,202.0,4688.9,18.00,98.0,57.6,0,
3.80,0.40,-1.50,1.50,10.91,100.0,49.77,1.759,10.88,190.0,1.00,0.00,0.00,2913,3,9.4,27.6,82.0,102.0,202.0,4723.2,18.00,98.0,58.0,0,
3.85,0.40,-1.50,1.50,10.92,100.0,49.79,1.772,10.88,190.0,1.00,0.00,0.00,2915,3,9.5,27.8,82.0,102.0,202.0,4757.6,18.00,98.0,58.5,0,
3.90,0.40,-1.50,1.50,10.92,100.0,49.81,1.784,10.88,190.0,1.00,0.00,0.00,2917,3,9.6,28.1,82.0,102.0,202.0,4791.9,18.00,98.0,58.9,0,
3.95,0.40,-1.50,1.50,10.93,100.0,49.83,1.797,10.89,190.0,1.00,0.00,0.00,2919,3,9.7,28.3,82.0,102.0,202.0,4826.3,18.00,98.0,59.4,0,
4.00,0.40,-1.50,1.50,10.94,100.0,49.85,1.809,10.89,190.0,1.00,0.00,0.00,2921,3,9.8,28.5,82.0,102.0,202.0,4860.6,18.00,98.0,59.9,0,
4.05,0.40,-1.50,1.50,10.94,100.0,49.87,1.821,10.89,190.0,1.00,0.00,0.00,2923,3,9.8,28.8,82.0,102.0,202.0,4894.9,18.00,98.0,60.3,0,
4.10,0.40,-1.50,1.50,10.95,100.0,49.90,1.833,10.89,190.0,1.00,0.00,0.00,2925,3,9.9,29.0,82.0,102.0,202.0,4929.3,18.00,98.0,60.8,0,
4.15,0.40,-1.50,1.50,10.95,100.0,49.92,1.844,10.89,190.0,1.00,0.00,0.00,2927,3,10.0,29.3,82.0,102.0,202.0,4963.6,18.00,98.0,61.3,0,
4.20,0.40,-1.50,1.50,10.95,100.0,49.95,1.856,10.89,190.0,1.00,0.00,0.00,2929,3,10.1,29.5,82.0,102.0,202.0,4998.0,18.00,98.0,61.7,0,
4.25,0.40,-1.50,1.50,10.96,100.0,49.97,1.866,10.89,190.0,1.00,0.00,0.00,2931,3,10.2,29.8,82.0,102.0,202.0,5032.3,18.00,98.0,62.2,0,
4.30,0.40,-1.50,1.50,10.95,100.0,50.00,1.877,10.90,190.0,1.00,0.00,0.00,2933,3,10.3,30.0,82.0,102.0,202.0,5066.7,18.00,98.0,62.7,0,
4.35,0.40,-1.50,1.50,10.95,100.0,50.03,1.886,10.90,190.0,1.00,0.00,0.00,2935,3,10.4,30.2,82.0,102.0,202.0,5101.0,18.00,98.0,63.1,0,
4.40,0.40,-1.50,1.50,10.95,100.0,50.05,1.896,10.90,190.0,1.00,0.00,0.00,2937,3,10.5,30.5,82.0,102.0,202.0,5135.4,18.00,98.0,63.6,0,
4.45,0.40,-1.50,1.50,10.95,100.0,50.08,1.904,10.90,190.0,1.00,0.00,0.00,2939,3,10.6,30.7,82.0,102.0,202.0,5169.7,18.00,98.0,64.1,0,
4.50,0.40,-1.50,1.50,10.94,100.0,50.10,1.912,10.90,190.0,1.00,0.00,0.00,2941,3,10.7,31.0,82.0,102.0,202.0,5204.0,18.00,98.0,64.5,0,
4.55,0.40,-1.50,1.50,10.94,100.0,50.13,1.920,10.91,190.0,1.00,0.00,0.00,2943,3,10.8,31.2,82.0,102.0,202.0,5238.4,18.00,98.0,65.0,0,
4.60,0.40,-1.50,1.50,10.94,100.0,50.15,1.926,10.91,190.0,1.00,0.00,0.00,2945,3,10.8,31.5,82.0,102.0,202.0,5272.7,18.00,98.0,65.5,0,
4.65,0.40,-1.50,1.50,10.93,100.0,50.17,1.932,10.91,190.0,1.00,0.00,0.00,2947,3,10.9,31.7,82.0,102.0,202.0,5307.1,18.00,98.0,65.9,0,
4.70,0.40,-1.50,1.50,10.93,100.0,50.19,1.938,10.91,190.0,1.00,0.00,0.00,2949,3,11.0,31.9,82.0,102.0,202.0,5341.4,18.00,98.0,66.4,0,
4.75,0.40,-1.50,1.50,10.93,100.0,50.21,1.942,10.92,190.0,1.00,0.00,0.00,2952,3,11.1,32.2,82.0,102.0,202.0,5375.8,18.00,98.0,66.8,0,
4.80,0.40,-1.50,1.50,10.93,100.0,50.23,1.947,10.92,190.0,1.00,0.00,0.00,2954,3,11.2,32.4,82.0,102.0,202.0,5410.1,18.00,98.0,67.3,0,
4.85,0.40,-1.50,1.50,10.93,100.0,50.24,1.950,10.92,190.0,1.00,0.00,0.00,2956,3,11.3,32.7,82.0,102.0,202.0,5444.4,18.00,98.0,67.8,0,
4.90,0.40,-1.50,1.50,10.93,100.0,50.25,1.953,10.93,190.0,1.00,0.00,0.00,2958,3,11.4,32.9,82.0,102.0,202.0,5478.8,18.00,98.0,68.2,0,
4.95,0.40,-1.50,1.50,10.94,100.0,50.26,1.956,10.93,190.0,1.00,0.00,0.00,2960,3,11.5,33.2,82.0,102.0,202.0,5513.1,18.00,98.0,68.7,0,
5.00,0.40,-1.50,1.50,10.94,100.0,50.27,1.958,10.93,190.0,1.00,0.00,0.00,2962,3,11.6,33.4,82.0,102.0,202.0,5547.5,18.00,98.0,69.2,0,
5.05,0.40,-1.50,1.50,10.95,100.0,50.28,1.960,10.94,190.0,1.00,0.00,0.00,2964,3,11.7,33.6,82.0,102.0,202.0,5581.8,18.00,98.0,69.6,0,
5.10,0.40,-1.50,1.50,10.96,100.0,50.28,1.962,10.94,190.0,1.00,0.00,0.00,2966,3,11.8,33.9,82.0,102.0,202.0,5616.2,18.00,98.0,70.1,0,
5.15,0.40,-1.50,1.50,10.97,100.0,50.28,1.963,10.94,190.0,1.00,0.00,0.00,2968,3,11.8,34.1,82.0,102.0,202.0,5650.5,18.00,98.0,70.6,0,
5.20,0.40,-1.50,1.50,10.98,100.0,50.28,1.964,10.95,190.0,1.00,0.00,0.00,2970,3,11.9,34.4,82.0,102.0,202.0,5684.8,18.00,98.0,71.0,0,
5.25,0.40,-1.50,1.50,10.99,100.0,50.27,1.965,10.95,190.0,1.00,0.00,0.00,2972,3,12.0,34.6,82.0,102.0,202.0,5719.2,18.00,98.0,71.5,0,
5.30,0.40,-1.50,1.50,11.00,100.0,50.26,1.966,10.95,190.0,1.00,0.00,0.00,2974,3,12.1,34.8,82.0,102.0,202.0,5753.5,18.00,98.0,72.0,0,
5.35,0.40,-1.50,1.50,11.01,100.0,50.25,1.966,10.96,190.0,1.00,0.00,0.00,2976,3,12.2,35.1,82.0,102.0,202.0,5787.9,18.00,98.0,72.4,0,
5.40,0.40,-1.50,1.50,11.02,100.0,50.24,1.967,10.96,190.0,1.00,0.00,0.00,2978,3,12.3,35.3,82.0,102.0,202.0,5822.2,18.00,98.0,72.9,0,
5.45,0.40,-1.50,1.50,11.03,100.0,50.23,1.969,10.96,190.0,1.00,0.00,0.00,2980,3,12.4,35.6,82.0,102.0,202.0,5856.6,18.00,98.0,73.4,0,
5.50,0.40,-1.50,1.50,11.04,100.0,50.21,1.970,10.97,190.0,1.00,0.00,0.00,2982,3,12.5,35.8,82.0,102.0,202.0,5890.9,18.00,98.0,73.8,0,
5.55,0.40,-1.50,1.50,11.04,100.0,50.19,1.971,10.97,190.0,1.00,0.00,0.00,2984,3,12.6,36.1,82.0,102.0,202.0,5925.3,18.00,98.0,74.3,0,
5.60,0.40,-1.50,1.50,11.05,100.0,50.17,1.973,10.97,190.0,1.00,0.00,0.00,2986,3,12.7,36.3,82.0,102.0,202.0,5959.6,18.00,98.0,74.7,0,
5.65,0.40,-1.50,1.50,11.05,100.0,50.15,1.976,10.98,190.0,1.00,0.00,0.00,2988,3,12.8,36.5,82.0,102.0,202.0,5993.9,18.00,98.0,75.2,0,
5.70,0.40,-1.50,1.50,11.05,100.0,50.13,1.978,10.98,190.0,1.00,0.00,0.00,2990,3,12.8,36.8,82.0,102.0,202.0,6028.3,18.00,98.0,75.7,0,
5.75,0.40,-1.50,1.50,11.06,100.0,50.10,1.982,10.98,190.0,1.00,0.00,0.00,2992,3,12.9,37.0,82.0,102.0,202.0,6062.6,18.00,98.0,76.1,0,
5.80,0.40,-1.50,1.50,11.06,100.0,50.08,1.985,10.99,190.0,1.00,0.00,0.00,2994,3,13.0,37.3,82.0,102.0,202.0,6097.0,18.00,98.0,76.6,0,
5.85,0.40,-1.50,1.50,11.05,100.0,50.05,1.990,10.99,190.0,1.00,0.00,0.00,2996,3,13.1,37.5,82.0,102.0,202.0,6131.3,18.00,98.0,77.1,0,
5.90,0.40,-1.50,1.50,11.05,100.0,50.03,1.995,11.00,190.0,1.00,0.00,0.00,2998,3,13.2,37.8,82.0,102.0,202.0,6165.7,18.00,98.0,77.5,0,
5.95,0.40,-1.50,1.50,11.05,100.0,50.00,2.000,11.00,190.0,1.00,0.00,0.00,3000,3,13.3,38.0,82.0,102.0,202.0,6200.0,18.00,98.0,78.0,0,
6.05,0.40,-1.50,1.50,18.50,0.0,-4.50,0.420,14.70,188.0,1.00,0.00,0.00,900,3,14.0,3.5,76.0,84.0,196.0,4200.0,0.00,2.0,70.0,0,
6.10,0.40,-1.50,1.50,18.50,0.0,-4.50,0.420,14.70,188.0,1.00,0.00,0.00,900,3,14.0,3.5,76.0,84.0,196.0,4120.0,0.00,2.0,69.0,0,
6.15,0.40,-1.50,1.50,18.50,0.0,-4.50,0.420,14.70,188.0,1.00,0.00,0.00,900,3,14.0,3.5,76.0,84.0,196.0,4040.0,0.00,2.0,68.0,0,
6.20,0.40,-1.50,1.50,18.50,0.0,-4.50,0.420,14.70,188.0,1.00,0.00,0.00,900,3,14.0,3.5,76.0,84.0,196.0,3960.0,0.00,2.0,67.0,0,
6.25,0.40,-1.50,1.50,18.50,0.0,-4.50,0.420,14.70,188.0,1.00,0.00,0.00,900,3,14.0,3.5,76.0,84.0,196.0,3880.0,0.00,2.0,66.0,0,
6.30,0.40,-1.50,1.50,18.50,0.0,-4.50,0.420,14.70,188.0,1.00,0.00,0.00,900,3,14.0,3.5,76.0,84.0,196.0,3800.0,0.00,2.0,65.0,0,
6.35,0.40,-1.50,1.50,18.50,0.0,-4.50,0.420,14.70,188.0,1.00,0.00,0.00,900,3,14.0,3.5,76.0,84.0,196.0,3720.0,0.00,2.0,64.0,0,
6.40,0.40,-1.50,1.50,18.50,0.0,-4.50,0.420,14.70,188.0,1.00,0.00,0.00,900,3,14.0,3.5,76.0,84.0,196.0,3640.0,0.00,2.0,63.0,0,
6.45,0.40,-1.50,1.50,18.50,0.0,-4.50,0.420,14.70,188.0,1.00,0.00,0.00,900,3,14.0,3.5,76.0,84.0,196.0,3560.0,0.00,2.0,62.0,0,
6.50,0.40,-1.50,1.50,18.50,0.0,-4.50,0.420,14.70,188.0,1.00,0.00,0.00,900,3,14.0,3.5,76.0,84.0,196.0,3480.0,0.00,2.0,61.0,0,
6.55,0.40,-1.50,1.50,18.50,0.0,-4.50,0.420,14.70,188.0,1.00,0.00,0.00,900,3,14.0,3.5,76.0,84.0,196.0,3400.0,0.00,2.0,60.0,0,
6.60,0.40,-1.50,1.50,18.50,0.0,-4.50,0.420,14.70,188.0,1.00,0.00,0.00,900,3,14.0,3.5,76.0,84.0,196.0,3320.0,0.00,2.0,59.0,0,
6.65,0.40,-1.50,1.50,18.50,0.0,-4.50,0.420,14.70,188.0,1.00,0.00,0.00,900,3,14.0,3.5,76.0,84.0,196.0,3240.0,0.00,2.0,58.0,0,
6.70,0.40,-1.50,1.50,18.50,0.0,-4.50,0.420,14.70,188.0,1.00,0.00,0.00,900,3,14.0,3.5,76.0,84.0,196.0,3160.0,0.00,2.0,57.0,0,
6.75,0.40,-1.50,1.50,18.50,0.0,-4.50,0.420,14.70,188.0,1.00,0.00,0.00,900,3,14.0,3.5,76.0,84.0,196.0,3080.0,0.00,2.0,56.0,0,
6.80,0.40,-1.50,1.50,18.50,0.0,-4.50,0.420,14.70,188.0,1.00,0.00,0.00,900,3,14.0,3.5,76.0,84.0,196.0,3000.0,0.00,2.0,55.0,0,
6.95,0.40,-1.50,1.50,13.35,100.0,6.00,0.652,12.80,190.0,1.00,0.00,0.00,2100,4,5.5,14.0,82.0,88.0,202.0,2400.0,6.00,98.0,46.0,0,
7.00,0.40,-1.50,1.50,13.36,100.0,6.00,0.657,12.80,190.0,1.00,0.00,0.00,2102,4,5.6,14.0,82.0,88.0,202.0,2426.9,6.00,98.0,46.5,0,
7.05,0.40,-1.50,1.50,13.36,100.0,6.00,0.663,12.80,190.0,1.00,0.00,0.00,2103,4,5.7,14.1,82.0,88.0,202.0,2453.8,6.00,98.0,47.0,0,
7.10,0.40,-1.50,1.50,13.37,100.0,6.00,0.668,12.80,190.0,1.00,0.00,0.00,2105,4,5.7,14.1,82.0,88.0,202.0,2480.7,6.00,98.0,47.6,0,
7.15,0.40,-1.50,1.50,13.37,100.0,6.00,0.673,12.80,190.0,1.00,0.00,0.00,2107,4,5.8,14.2,82.0,88.0,202.0,2507.6,6.00,98.0,48.1,0,
7.20,0.40,-1.50,1.50,13.37,100.0,6.30,0.683,12.80,190.0,1.00,0.00,0.00,2113,4,5.9,14.2,82.0,88.1,202.0,2534.5,6.30,98.0,48.6,0,
7.25,0.40,-1.50,1.50,13.38,100.0,7.53,0.709,12.80,190.0,1.00,0.00,0.00,2134,4,5.9,14.2,82.0,88.5,202.0,2561.3,7.53,98.0,49.1,0,
7.30,0.40,-1.50,1.50,13.38,100.0,8.77,0.736,12.80,190.0,1.00,0.00,0.00,2156,4,6.0,14.3,82.0,88.9,202.0,2588.2,18.00,98.0,49.6,0,
7.35,0.40,-1.50,1.50,11.05,100.0,10.01,0.763,10.97,190.0,1.00,0.00,0.00,2177,4,6.0,14.3,82.0,89.3,202.0,2615.1,18.00,98.0,50.2,0,
7.40,0.40,-1.50,1.50,11.05,100.0,11.25,0.789,10.97,190.0,1.00,0.00,0.00,2198,4,6.0,14.4,82.0,89.7,202.0,2642.0,18.00,98.0,50.7,0,
7.45,0.40,-1.50,1.50,11.04,100.0,12.49,0.816,10.97,190.0,1.00,0.00,0.00,2220,4,6.1,14.4,82.0,90.1,202.0,2668.9,18.00,98.0,51.2,0,
7.50,0.40,-1.50,1.50,11.04,100.0,13.73,0.842,10.97,190.0,1.00,0.00,0.00,2241,4,6.1,14.4,82.0,90.4,202.0,2695.8,18.00,98.0,51.7,0,
7.55,0.40,-1.50,1.50,11.03,100.0,14.97,0.869,10.96,190.0,1.00,0.00,0.00,2262,4,6.2,14.5,82.0,90.8,202.0,2722.7,18.00,98.0,52.3,0,
7.60,0.40,-1.50,1.50,11.02,100.0,16.21,0.895,10.96,190.0,1.00,0.00,0.00,2283,4,6.2,14.6,82.0,91.2,202.0,2749.6,18.00,98.0,52.8,0,
7.65,0.40,-1.50,1.50,11.02,100.0,17.45,0.921,10.96,190.0,1.00,0.00,0.00,2305,4,6.2,14.7,82.0,91.6,202.0,2776.5,18.00,98.0,53.3,0,
7.70,0.40,-1.50,1.50,11.01,100.0,18.70,0.948,10.95,190.0,1.00,0.00,0.00,2326,4,6.3,14.9,82.0,92.0,202.0,2803.4,18.00,98.0,53.8,0,
7.75,0.40,-1.50,1.50,11.00,100.0,19.94,0.974,10.95,190.0,1.00,0.00,0.00,2347,4,6.3,15.0,82.0,92.4,202.0,2830.3,18.00,98.0,54.3,0,
7.80,0.40,-1.50,1.50,10.99,100.0,21.18,0.999,10.95,190.0,1.00,0.00,0.00,2369,4,6.4,15.2,82.0,92.8,202.0,2857.1,18.00,98.0,54.9,0,
7.85,0.40,-1.50,1.50,10.98,100.0,22.42,1.025,10.95,190.0,1.00,0.00,0.00,2390,4,6.4,15.3,82.0,93.2,202.0,2884.0,18.00,98.0,55.4,0,
7.90,0.40,-1.50,1.50,10.97,100.0,23.66,1.051,10.94,190.0,1.00,0.00,0.00,2411,4,6.5,15.5,82.0,93.6,202.0,2910.9,18.00,98.0,55.9,0,
7.95,0.40,-1.50,1.50,10.96,100.0,24.90,1.076,10.94,190.0,1.00,0.00,0.00,2432,4,6.5,15.7,82.0,94.0,202.0,2937.8,18.00,98.0,56.4,0,
8.00,0.40,-1.50,1.50,10.96,100.0,26.14,1.101,10.94,190.0,1.00,0.00,0.00,2454,4,6.5,15.9,82.0,94.4,202.0,2964.7,18.00,98.0,56.9,0,
8.05,0.40,-1.50,1.50,10.95,100.0,27.38,1.126,10.93,190.0,1.00,0.00,0.00,2475,4,6.6,16.1,82.0,94.8,202.0,2991.6,18.00,98.0,57.5,0,
8.10,0.40,-1.50,1.50,10.94,100.0,28.62,1.151,10.93,190.0,1.00,0.00,0.00,2496,4,6.6,16.4,82.0,95.2,202.0,3018.5,18.00,98.0,58.0,0,
8.15,0.40,-1.50,1.50,10.94,100.0,29.86,1.176,10.93,190.0,1.00,0.00,0.00,2518,4,6.7,16.6,82.0,95.5,202.0,3045.4,18.00,98.0,58.5,0,
8.20,0.40,-1.50,1.50,10.93,100.0,31.09,1.200,10.93,190.0,1.00,0.00,0.00,2539,4,6.7,16.9,82.0,95.9,202.0,3072.3,18.00,98.0,59.0,0,
8.25,0.40,-1.50,1.50,10.93,100.0,32.33,1.225,10.92,190.0,1.00,0.00,0.00,2560,4,6.8,17.1,82.0,96.3,202.0,3099.2,18.00,98.0,59.5,0,
8.30,0.40,-1.50,1.50,10.93,100.0,33.56,1.250,10.92,190.0,1.00,0.00,0.00,2581,4,6.8,17.4,82.0,96.7,202.0,3126.1,18.00,98.0,60.1,0,
8.35,0.40,-1.50,1.50,10.93,100.0,34.79,1.274,10.92,190.0,1.00,0.00,0.00,2603,4,6.8,17.7,82.0,97.1,202.0,3152.9,18.00,98.0,60.6,0,
8.40,0.40,-1.50,1.50,10.93,100.0,36.02,1.299,10.92,190.0,1.00,0.00,0.00,2624,4,6.9,18.0,82.0,97.5,202.0,3179.8,18.00,98.0,61.1,0,
8.45,0.40,-1.50,1.50,10.93,100.0,37.25,1.323,10.91,190.0,1.00,0.00,0.00,2645,4,6.9,18.3,82.0,97.9,202.0,3206.7,18.00,98.0,61.6,0,
8.50,0.40,-1.50,1.50,10.93,100.0,38.47,1.348,10.91,190.0,1.00,0.00,0.00,2667,4,7.0,18.6,82.0,98.3,202.0,3233.6,18.00,98.0,62.2,0,
8.55,0.40,-1.50,1.50,10.93,100.0,39.70,1.373,10.91,190.0,1.00,0.00,0.00,2688,4,7.0,18.9,82.0,98.7,202.0,3260.5,18.00,98.0,62.7,0,
8.60,0.40,-1.50,1.50,10.94,100.0,40.92,1.398,10.91,190.0,1.00,0.00,0.00,2709,4,7.0,19.3,82.0,99.1,202.0,3287.4,18.00,98.0,63.2,0,
8.65,0.40,-1.50,1.50,10.94,100.0,42.14,1.423,10.91,190.0,1.00,0.00,0.00,2730,4,7.1,19.6,82.0,99.5,202.0,3314.3,18.00,98.0,63.7,0,
8.70,0.40,-1.50,1.50,10.94,100.0,43.36,1.448,10.90,190.0,1.00,0.00,0.00,2752,4,7.1,20.0,82.0,99.9,202.0,3341.2,18.00,98.0,64.2,0,
8.75,0.40,-1.50,1.50,10.95,100.0,44.57,1.474,10.90,190.0,1.00,0.00,0.00,2773,4,7.2,20.4,82.0,100.3,202.0,3368.1,18.00,98.0,64.8,0,
8.80,0.40,-1.50,1.50,10.95,100.0,45.79,1.500,10.90,190.0,1.00,0.00,0.00,2794,4,7.2,20.7,82.0,100.6,202.0,3395.0,18.00,98.0,65.3,0,
8.85,0.40,-1.50,1.50,10.95,100.0,47.00,1.526,10.90,190.0,1.00,0.00,0.00,2816,4,7.3,21.1,82.0,101.0,202.0,3421.8,18.00,98.0,65.8,0,
8.90,0.40,-1.50,1.50,10.95,100.0,48.21,1.553,10.90,190.0,1.00,0.00,0.00,2837,4,7.3,21.5,82.0,101.4,202.0,3448.7,18.00,98.0,66.3,0,
8.95,0.40,-1.50,1.50,10.96,100.0,49.43,1.580,10.90,190.0,1.00,0.00,0.00,2858,4,7.3,22.0,82.0,101.8,202.0,3475.6,18.00,98.0,66.8,0,
9.00,0.40,-1.50,1.50,10.96,100.0,49.97,1.593,10.89,190.0,1.00,0.00,0.00,2869,4,7.4,22.3,82.0,102.0,202.0,3502.5,18.00,98.0,67.4,0,
9.05,0.40,-1.50,1.50,10.95,100.0,49.95,1.595,10.89,190.0,1.00,0.00,0.00,2871,4,7.5,22.5,82.0,102.0,202.0,3529.4,18.00,98.0,67.9,0,
9.10,0.40,-1.50,1.50,10.95,100.0,49.93,1.596,10.89,190.0,1.00,0.00,0.00,2872,4,7.6,22.7,82.0,102.0,202.0,3556.3,18.00,98.0,68.4,0,
9.15,0.40,-1.50,1.50,10.95,100.0,49.91,1.598,10.89,190.0,1.00,0.00,0.00,2874,4,7.6,22.9,82.0,102.0,202.0,3583.2,18.00,98.0,68.9,0,
9.20,0.40,-1.50,1.50,10.95,100.0,49.89,1.601,10.89,190.0,1.00,0.00,0.00,2876,4,7.7,23.1,82.0,102.0,202.0,3610.1,18.00,98.0,69.4,0,
9.25,0.40,-1.50,1.50,10.94,100.0,49.87,1.603,10.89,190.0,1.00,0.00,0.00,2877,4,7.8,23.3,82.0,102.0,202.0,3637.0,18.00,98.0,70.0,0,
9.30,0.40,-1.50,1.50,10.94,100.0,49.85,1.607,10.89,190.0,1.00,0.00,0.00,2879,4,7.9,23.5,82.0,102.0,202.0,3663.9,18.00,98.0,70.5,0,
9.35,0.40,-1.50,1.50,10.93,100.0,49.83,1.610,10.89,190.0,1.00,0.00,0.00,2881,4,7.9,23.7,82.0,102.0,202.0,3690.8,18.00,98.0,71.0,0,
9.40,0.40,-1.50,1.50,10.93,100.0,49.81,1.614,10.88,190.0,1.00,0.00,0.00,2882,4,8.0,23.9,82.0,102.0,202.0,3717.6,18.00,98.0,71.5,0,
9.45,0.40,-1.50,1.50,10.92,100.0,49.80,1.619,10.88,190.0,1.00,0.00,0.00,2884,4,8.1,24.1,82.0,102.0,202.0,3744.5,18.00,98.0,72.1,0,
9.50,0.40,-1.50,1.50,10.91,100.0,49.78,1.624,10.88,190.0,1.00,0.00,0.00,2886,4,8.2,24.3,82.0,102.0,202.0,3771.4,18.00,98.0,72.6,0,
9.55,0.40,-1.50,1.50,10.91,100.0,49.77,1.629,10.88,190.0,1.00,0.00,0.00,2887,4,8.2,24.5,82.0,102.0,202.0,3798.3,18.00,98.0,73.1,0,
9.60,0.40,-1.50,1.50,10.90,100.0,49.76,1.635,10.88,190.0,1.00,0.00,0.00,2889,4,8.3,24.7,82.0,102.0,202.0,3825.2,18.00,98.0,73.6,0,
9.65,0.40,-1.50,1.50,10.90,100.0,49.75,1.641,10.88,190.0,1.00,0.00,0.00,2891,4,8.4,24.9,82.0,102.0,202.0,3852.1,18.00,98.0,74.1,0,
9.70,0.40,-1.50,1.50,10.89,100.0,49.74,1.648,10.88,190.0,1.00,0.00,0.00,2892,4,8.5,25.1,82.0,102.0,202.0,3879.0,18.00,98.0,74.7,0,
9.75,0.40,-1.50,1.50,10.89,100.0,49.73,1.655,10.88,190.0,1.00,0.00,0.00,2894,4,8.5,25.3,82.0,102.0,202.0,3905.9,18.00,98.0,75.2,0,
9.80,0.40,-1.50,1.50,10.88,100.0,49.73,1.663,10.88,190.0,1.00,0.00,0.00,2896,4,8.6,25.5,82.0,102.0,202.0,3932.8,18.00,98.0,75.7,0,
9.85,0.40,-1.50,1.50,10.88,100.0,49.72,1.670,10.88,190.0,1.00,0.00,0.00,2897,4,8.7,25.7,82.0,102.0,202.0,3959.7,18.00,98.0,76.2,0,
9.90,0.40,-1.50,1.50,10.88,100.0,49.72,1.679,10.88,190.0,1.00,0.00,0.00,2899,4,8.8,25.9,82.0,102.0,202.0,3986.6,18.00,98.0,76.7,0,
9.95,0.40,-1.50,1.50,10.88,100.0,49.72,1.688,10.88,190.0,1.00,0.00,0.00,2901,4,8.8,26.1,82.0,102.0,202.0,4013.4,18.00,98.0,77.3,0,
10.00,0.40,-1.50,1.50,10.88,100.0,49.72,1.697,10.88,190.0,1.00,0.00,0.00,2903,4,8.9,26.3,82.0,102.0,202.0,4040.3,18.00,98.0,77.8,0,
10.05,0.40,-1.50,1.50,10.88,100.0,49.73,1.706,10.88,190.0,1.00,0.00,0.00,2904,4,9.0,26.5,82.0,102.0,202.0,4067.2,18.00,98.0,78.3,0,
10.10,0.40,-1.50,1.50,10.89,100.0,49.73,1.716,10.88,190.0,1.00,0.00,0.00,2906,4,9.1,26.7,82.0,102.0,202.0,4094.1,18.00,98.0,78.8,0,
10.15,0.40,-1.50,1.50,10.89,100.0,49.74,1.725,10.88,190.0,1.00,0.00,0.00,2908,4,9.1,26.9,82.0,102.0,202.0,4121.0,18.00,98.0,79.3,0,
10.20,0.40,-1.50,1.50,10.90,100.0,49.75,1.735,10.88,190.0,1.00,0.00,0.00,2909,4,9.2,27.1,82.0,102.0,202.0,4147.9,18.00,98.0,79.9,0,
10.25,0.40,-1.50,1.50,10.90,100.0,49.76,1.746,10.88,190.0,1.00,0.00,0.00,2911,4,9.3,27.3,82.0,102.0,202.0,4174.8,18.00,98.0,80.4,0,
10.30,0.40,-1.50,1.50,10.91,100.0,49.77,1.756,10.88,190.0,1.00,0.00,0.00,2913,4,9.4,27.5,82.0,102.0,202.0,4201.7,18.00,98.0,80.9,0,
10.35,0.40,-1.50,1.50,10.91,100.0,49.78,1.766,10.88,190.0,1.00,0.00,0.00,2914,4,9.4,27.7,82.0,102.0,202.0,4228.6,18.00,98.0,81.4,0,
10.40,0.40,-1.50,1.50,10.92,100.0,49.80,1.777,10.88,190.0,1.00,0.00,0.00,2916,4,9.5,27.9,82.0,102.0,202.0,4255.5,18.00,98.0,81.9,0,
10.45,0.40,-1.50,1.50,10.93,100.0,49.81,1.787,10.88,190.0,1.00,0.00,0.00,2918,4,9.6,28.1,82.0,102.0,202.0,4282.4,18.00,98.0,82.5,0,
10.50,0.40,-1.50,1.50,10.93,100.0,49.83,1.797,10.89,190.0,1.00,0.00,0.00,2919,4,9.7,28.3,82.0,102.0,202.0,4309.2,18.00,98.0,83.0,0,
10.55,0.40,-1.50,1.50,10.94,100.0,49.85,1.808,10.89,190.0,1.00,0.00,0.00,2921,4,9.7,28.5,82.0,102.0,202.0,4336.1,18.00,98.0,83.5,0,
10.60,0.40,-1.50,1.50,10.94,100.0,49.87,1.818,10.89,190.0,1.00,0.00,0.00,2923,4,9.8,28.7,82.0,102.0,202.0,4363.0,18.00,98.0,84.0,0,
10.65,0.40,-1.50,1.50,10.95,100.0,49.89,1.828,10.89,190.0,1.00,0.00,0.00,2924,4,9.9,28.9,82.0,102.0,202.0,4389.9,18.00,98.0,84.6,0,
10.70,0.40,-1.50,1.50,10.95,100.0,49.91,1.838,10.89,190.0,1.00,0.00,0.00,2926,4,10.0,29.1,82.0,102.0,202.0,4416.8,18.00,98.0,85.1,0,
10.75,0.40,-1.50,1.50,10.95,100.0,49.93,1.847,10.89,190.0,1.00,0.00,0.00,2928,4,10.0,29.3,82.0,102.0,202.0,4443.7,18.00,98.0,85.6,0,
10.80,0.40,-1.50,1.50,10.95,100.0,49.95,1.856,10.89,190.0,1.00,0.00,0.00,2929,4,10.1,29.5,82.0,102.0,202.0,4470.6,18.00,98.0,86.1,0,
10.85,0.40,-1.50,1.50,10.96,100.0,49.97,1.865,10.89,190.0,1.00,0.00,0.00,2931,4,10.2,29.7,82.0,102.0,202.0,4497.5,18.00,98.0,86.6,0,
10.90,0.40,-1.50,1.50,10.96,100.0,49.99,1.874,10.90,190.0,1.00,0.00,0.00,2933,4,10.3,29.9,82.0,102.0,202.0,4524.4,18.00,98.0,87.2,0,
10.95,0.40,-1.50,1.50,10.95,100.0,50.01,1.882,10.90,190.0,1.00,0.00,0.00,2934,4,10.4,30.1,82.0,102.0,202.0,4551.3,18.00,98.0,87.7,0,
11.00,0.40,-1.50,1.50,10.95,100.0,50.04,1.890,10.90,190.0,1.00,0.00,0.00,2936,4,10.4,30.3,82.0,102.0,202.0,4578.2,18.00,98.0,88.2,0,
11.05,0.40,-1.50,1.50,10.95,100.0,50.06,1.898,10.90,190.0,1.00,0.00,0.00,2938,4,10.5,30.5,82.0,102.0,202.0,4605.0,18.00,98.0,88.7,0,
11.10,0.40,-1.50,1.50,10.95,100.0,50.08,1.905,10.90,190.0,1.00,0.00,0.00,2939,4,10.6,30.7,82.0,102.0,202.0,4631.9,18.00,98.0,89.2,0,
11.15,0.40,-1.50,1.50,10.94,100.0,50.10,1.911,10.90,190.0,1.00,0.00,0.00,2941,4,10.7,30.9,82.0,102.0,202.0,4658.8,18.00,98.0,89.8,0,
11.20,0.40,-1.50,1.50,10.94,100.0,50.12,1.917,10.91,190.0,1.00,0.00,0.00,2943,4,10.7,31.1,82.0,102.0,202.0,4685.7,18.00,98.0,90.3,0,
11.25,0.40,-1.50,1.50,10.94,100.0,50.14,1.923,10.91,190.0,1.00,0.00,0.00,2945,4,10.8,31.3,82.0,102.0,202.0,4712.6,18.00,98.0,90.8,0,
11.30,0.40,-1.50,1.50,10.93,100.0,50.16,1.929,10.91,190.0,1.00,0.00,0.00,2946,4,10.9,31.5,82.0,102.0,202.0,4739.5,18.00,98.0,91.3,0,
11.35,0.40,-1.50,1.50,10.93,100.0,50.18,1.933,10.91,190.0,1.00,0.00,0.00,2948,4,11.0,31.7,82.0,102.0,202.0,4766.4,18.00,98.0,91.8,0,
11.40,0.40,-1.50,1.50,10.93,100.0,50.19,1.938,10.91,190.0,1.00,0.00,0.00,2950,4,11.0,31.9,82.0,102.0,202.0,4793.3,18.00,98.0,92.4,0,
11.45,0.40,-1.50,1.50,10.93,100.0,50.21,1.942,10.92,190.0,1.00,0.00,0.00,2951,4,11.1,32.2,82.0,102.0,202.0,4820.2,18.00,98.0,92.9,0,
11.50,0.40,-1.50,1.50,10.93,100.0,50.22,1.946,10.92,190.0,1.00,0.00,0.00,2953,4,11.2,32.4,82.0,102.0,202.0,4847.1,18.00,98.0,93.4,0,
11.55,0.40,-1.50,1.50,10.93,100.0,50.24,1.949,10.92,190.0,1.00,0.00,0.00,2955,4,11.3,32.6,82.0,102.0,202.0,4873.9,18.00,98.0,93.9,0,
11.60,0.40,-1.50,1.50,10.93,100.0,50.25,1.952,10.92,190.0,1.00,0.00,0.00,2956,4,11.3,32.8,82.0,102.0,202.0,4900.8,18.00,98.0,94.5,0,
11.65,0.40,-1.50,1.50,10.93,100.0,50.26,1.954,10.93,190.0,1.00,0.00,0.00,2958,4,11.4,33.0,82.0,102.0,202.0,4927.7,18.00,98.0,95.0,0,
11.70,0.40,-1.50,1.50,10.94,100.0,50.26,1.956,10.93,190.0,1.00,0.00,0.00,2960,4,11.5,33.2,82.0,102.0,202.0,4954.6,18.00,98.0,95.5,0,
11.75,0.40,-1.50,1.50,10.94,100.0,50.27,1.958,10.93,190.0,1.00,0.00,0.00,2961,4,11.6,33.4,82.0,102.0,202.0,4981.5,18.00,98.0,96.0,0,
11.80,0.40,-1.50,1.50,10.95,100.0,50.28,1.960,10.93,190.0,1.00,0.00,0.00,2963,4,11.6,33.6,82.0,102.0,202.0,5008.4,18.00,98.0,96.5,0,
11.85,0.40,-1.50,1.50,10.96,100.0,50.28,1.961,10.94,190.0,1.00,0.00,0.00,2965,4,11.7,33.8,82.0,102.0,202.0,5035.3,18.00,98.0,97.1,0,
11.90,0.40,-1.50,1.50,10.96,100.0,50.28,1.962,10.94,190.0,1.00,0.00,0.00,2966,4,11.8,34.0,82.0,102.0,202.0,5062.2,18.00,98.0,97.6,0,
11.95,0.40,-1.50,1.50,10.97,100.0,50.28,1.963,10.94,190.0,1.00,0.00,0.00,2968,4,11.9,34.2,82.0,102.0,202.0,5089.1,18.00,98.0,98.1,0,
12.00,0.40,-1.50,1.50,10.98,100.0,50.28,1.964,10.95,190.0,1.00,0.00,0.00,2970,4,11.9,34.4,82.0,102.0,202.0,5116.0,18.00,98.0,98.6,0,
12.05,0.40,-1.50,1.50,10.99,100.0,50.27,1.965,10.95,190.0,1.00,0.00,0.00,2971,4,12.0,34.6,82.0,102.0,202.0,5142.9,18.00,98.0,99.1,0,
12.10,0.40,-1.50,1.50,11.00,100.0,50.27,1.965,10.95,190.0,1.00,0.00,0.00,2973,4,12.1,34.8,82.0,102.0,202.0,5169.7,18.00,98.0,99.7,0,
12.15,0.40,-1.50,1.50,11.01,100.0,50.26,1.966,10.95,190.0,1.00,0.00,0.00,2975,4,12.2,35.0,82.0,102.0,202.0,5196.6,18.00,98.0,100.2,0,
12.20,0.40,-1.50,1.50,11.02,100.0,50.25,1.967,10.96,190.0,1.00,0.00,0.00,2976,4,12.2,35.2,82.0,102.0,202.0,5223.5,18.00,98.0,100.7,0,
12.25,0.40,-1.50,1.50,11.02,100.0,50.24,1.968,10.96,190.0,1.00,0.00,0.00,2978,4,12.3,35.4,82.0,102.0,202.0,5250.4,18.00,98.0,101.2,0,
12.30,0.40,-1.50,1.50,11.03,100.0,50.23,1.969,10.96,190.0,1.00,0.00,0.00,2980,4,12.4,35.6,82.0,102.0,202.0,5277.3,18.00,98.0,101.7,0,
12.35,0.40,-1.50,1.50,11.04,100.0,50.21,1.970,10.97,190.0,1.00,0.00,0.00,2982,4,12.5,35.8,82.0,102.0,202.0,5304.2,18.00,98.0,102.3,0,
12.40,0.40,-1.50,1.50,11.04,100.0,50.20,1.971,10.97,190.0,1.00,0.00,0.00,2983,4,12.5,36.0,82.0,102.0,202.0,5331.1,18.00,98.0,102.8,0,
12.45,0.40,-1.50,1.50,11.05,100.0,50.18,1.972,10.97,190.0,1.00,0.00,0.00,2985,4,12.6,36.2,82.0,102.0,202.0,5358.0,18.00,98.0,103.3,0,
12.50,0.40,-1.50,1.50,11.05,100.0,50.17,1.974,10.97,190.0,1.00,0.00,0.00,2987,4,12.7,36.4,82.0,102.0,202.0,5384.9,18.00,98.0,103.8,0,
12.55,0.40,-1.50,1.50,11.05,100.0,50.15,1.976,10.98,190.0,1.00,0.00,0.00,2988,4,12.8,36.6,82.0,102.0,202.0,5411.8,18.00,98.0,104.4,0,
12.60,0.40,-1.50,1.50,11.05,100.0,50.13,1.978,10.98,190.0,1.00,0.00,0.00,2990,4,12.8,36.8,82.0,102.0,202.0,5438.7,18.00,98.0,104.9,0,
12.65,0.40,-1.50,1.50,11.06,100.0,50.11,1.981,10.98,190.0,1.00,0.00,0.00,2992,4,12.9,37.0,82.0,102.0,202.0,5465.5,18.00,98.0,105.4,0,
12.70,0.40,-1.50,1.50,11.06,100.0,50.09,1.984,10.99,190.0,1.00,0.00,0.00,2993,4,13.0,37.2,82.0,102.0,202.0,5492.4,18.00,98.0,105.9,0,
12.75,0.40,-1.50,1.50,11.05,100.0,50.07,1.987,10.99,190.0,1.00,0.00,0.00,2995,4,13.1,37.4,82.0,102.0,202.0,5519.3,18.00,98.0,106.4,0,
12.80,0.40,-1.50,1.50,11.05,100.0,50.04,1.991,10.99,190.0,1.00,0.00,0.00,2997,4,13.1,37.6,82.0,102.0,202.0,5546.2,18.00,98.0,107.0,0,
12.85,0.40,-1.50,1.50,11.05,100.0,50.02,1.995,11.00,190.0,1.00,0.00,0.00,2998,4,13.2,37.8,82.0,102.0,202.0,5573.1,18.00,98.0,107.5,0,
12.90,0.40,-1.50,1.50,11.05,100.0,50.00,2.000,11.00,190.0,1.00,0.00,0.00,3000,4,13.3,38.0,82.0,102.0,202.0,5600.0,18.00,98.0,108.0,0,
13.05,0.40,-1.50,1.50,18.50,0.0,-4.50,0.420,14.70,188.0,1.00,0.00,0.00,900,3,14.0,3.5,76.0,84.0,196.0,4200.0,0.00,2.0,70.0,0,
13.10,0.40,-1.50,1.50,18.50,0.0,-4.50,0.420,14.70,188.0,1.00,0.00,0.00,900,3,14.0,3.5,76.0,84.0,196.0,4120.0,0.00,2.0,69.0,0,
13.15,0.40,-1.50,1.50,18.50,0.0,-4.50,0.420,14.70,188.0,1.00,0.00,0.00,900,3,14.0,3.5,76.0,84.0,196.0,4040.0,0.00,2.0,68.0,0,
13.20,0.40,-1.50,1.50,18.50,0.0,-4.50,0.420,14.70,188.0,1.00,0.00,0.00,900,3,14.0,3.5,76.0,84.0,196.0,3960.0,0.00,2.0,67.0,0,
13.25,0.40,-1.50,1.50,18.50,0.0,-4.50,0.420,14.70,188.0,1.00,0.00,0.00,900,3,14.0,3.5,76.0,84.0,196.0,3880.0,0.00,2.0,66.0,0,
13.30,0.40,-1.50,1.50,18.50,0.0,-4.50,0.420,14.70,188.0,1.00,0.00,0.00,900,3,14.0,3.5,76.0,84.0,196.0,3800.0,0.00,2.0,65.0,0,
13.35,0.40,-1.50,1.50,18.50,0.0,-4.50,0.420,14.70,188.0,1.00,0.00,0.00,900,3,14.0,3.5,76.0,84.0,196.0,3720.0,0.00,2.0,64.0,0,
13.40,0.40,-1.50,1.50,18.50,0.0,-4.50,0.420,14.70,188.0,1.00,0.00,0.00,900,3,14.0,3.5,76.0,84.0,196.0,3640.0,0.00,2.0,63.0,0,
13.45,0.40,-1.50,1.50,18.50,0.0,-4.50,0.420,14.70,188.0,1.00,0.00,0.00,900,3,14.0,3.5,76.0,84.0,196.0,3560.0,0.00,2.0,62.0,0,
13.50,0.40,-1.50,1.50,18.50,0.0,-4.50,0.420,14.70,188.0,1.00,0.00,0.00,900,3,14.0,3.5,76.0,84.0,196.0,3480.0,0.00,2.0,61.0,0,
13.55,0.40,-1.50,1.50,18.50,0.0,-4.50,0.420,14.70,188.0,1.00,0.00,0.00,900,3,14.0,3.5,76.0,84.0,196.0,3400.0,0.00,2.0,60.0,0,
13.60,0.40,-1.50,1.50,18.50,0.0,-4.50,0.420,14.70,188.0,1.00,0.00,0.00,900,3,14.0,3.5,76.0,84.0,196.0,3320.0,0.00,2.0,59.0,0,
13.65,0.40,-1.50,1.50,18.50,0.0,-4.50,0.420,14.70,188.0,1.00,0.00,0.00,900,3,14.0,3.5,76.0,84.0,196.0,3240.0,0.00,2.0,58.0,0,
13.70,0.40,-1.50,1.50,18.50,0.0,-4.50,0.420,14.70,188.0,1.00,0.00,0.00,900,3,14.0,3.5,76.0,84.0,196.0,3160.0,0.00,2.0,57.0,0,
13.75,0.40,-1.50,1.50,18.50,0.0,-4.50,0.420,14.70,188.0,1.00,0.00,0.00,900,3,14.0,3.5,76.0,84.0,196.0,3080.0,0.00,2.0,56.0,0,
13.80,0.40,-1.50,1.50,18.50,0.0,-4.50,0.420,14.70,188.0,1.00,0.00,0.00,900,3,14.0,3.5,76.0,84.0,196.0,3000.0,0.00,2.0,55.0,0,
