Time (sec),AF Correction 1 (%),AF Learning 1 (%),AF Learning 3 (%),AF Sens 1 Ratio (AFR),Accel Position (%),Boost (psi),Calculated Load (g/rev),Comm Fuel Final (AFR),Coolant Temp (F),Dyn Adv Mult (DAM),Feedback Knock (deg),Fine Knock Learn (deg),Fuel Pressure (psi),Gear Position (gear),Ignition Timing (deg),Inj Duty Cycle (%),Intake Temp (F),Intake Temp Manifold (F),Oil Temp (F),RPM (RPM),Target Boost Final Rel (psi),Throttle Pos (%),Vehicle Speed (mph),Roughness Cyl 1 (count),AP Info:[AP3-SUB-006 v0.0.0-1][2024 USDM WRX MT SAMPLE DATA][Reflash: Sample Map Almost Tidy - 16psi 93oct.ptm]
0.00,0.40,-1.00,3.10,14.61,12.0,-7.40,0.420,14.70,188.0,1.00,0.00,0.00,720,3,14.0,3.5,76.0,84.0,196.0,1710.0,0.00,10.0,27.0,0,
0.05,0.40,-1.00,3.10,14.61,12.0,-7.40,0.420,14.70,188.0,1.00,0.00,0.00,720,3,14.0,3.5,76.0,84.0,196.0,1714.0,0.00,10.0,27.1,0,
0.10,0.40,-1.00,3.10,14.62,12.0,-7.40,0.420,14.70,188.0,1.00,0.00,0.00,720,3,14.0,3.5,76.0,84.0,196.0,1718.0,0.00,10.0,27.2,0,
0.15,0.40,-1.00,3.10,14.62,12.0,-7.40,0.420,14.70,188.0,1.00,0.00,0.00,720,3,14.0,3.5,76.0,84.0,196.0,1722.0,0.00,10.0,27.3,0,
0.20,0.40,-1.00,3.10,14.63,12.0,-7.40,0.420,14.70,188.0,1.00,0.00,0.00,720,3,14.0,3.5,76.0,84.0,196.0,1726.0,0.00,10.0,27.4,0,
0.25,0.40,-1.00,3.10,14.63,12.0,-7.40,0.420,14.70,188.0,1.00,0.00,0.00,720,3,14.0,3.5,76.0,84.0,196.0,1730.0,0.00,10.0,27.5,0,
0.30,0.40,-1.00,3.10,14.63,12.0,-7.40,0.420,14.70,188.0,1.00,0.00,0.00,720,3,14.0,3.5,76.0,84.0,196.0,1734.0,0.00,10.0,27.6,0,
0.35,0.40,-1.00,3.10,14.64,12.0,-7.40,0.420,14.70,188.0,1.00,0.00,0.00,720,3,14.0,3.5,76.0,84.0,196.0,1738.0,0.00,10.0,27.7,0,
0.40,0.40,-1.00,3.10,14.64,12.0,-7.40,0.420,14.70,188.0,1.00,0.00,0.00,720,3,14.0,3.5,76.0,84.0,196.0,1742.0,0.00,10.0,27.8,0,
0.45,0.40,-1.00,3.10,14.65,12.0,-7.40,0.420,14.70,188.0,1.00,0.00,0.00,720,3,14.0,3.5,76.0,84.0,196.0,1746.0,0.00,10.0,27.9,0,
0.50,0.40,-1.00,3.10,14.65,12.0,-7.40,0.420,14.70,188.0,1.00,0.00,0.00,720,3,14.0,3.5,76.0,84.0,196.0,1750.0,0.00,10.0,28.0,0,
0.55,0.40,-1.00,3.10,14.65,12.0,-7.40,0.420,14.70,188.0,1.00,0.00,0.00,720,3,14.0,3.5,76.0,84.0,196.0,1754.0,0.00,10.0,28.1,0,
0.60,0.40,-1.00,3.10,14.66,12.0,-7.40,0.420,14.70,188.0,1.00,0.00,0.00,720,3,14.0,3.5,76.0,84.0,196.0,1758.0,0.00,10.0,28.2,0,
0.65,0.40,-1.00,3.10,14.66,12.0,-7.40,0.420,14.70,188.0,1.00,0.00,0.00,720,3,14.0,3.5,76.0,84.0,196.0,1762.0,0.00,10.0,28.3,0,
0.70,0.40,-1.00,3.10,14.67,12.0,-7.40,0.420,14.70,188.0,1.00,0.00,0.00,720,3,14.0,3.5,76.0,84.0,196.0,1766.0,0.00,10.0,28.4,0,
0.75,0.40,-1.00,3.10,14.67,12.0,-7.40,0.420,14.70,188.0,1.00,0.00,0.00,720,3,14.0,3.5,76.0,84.0,196.0,1770.0,0.00,10.0,28.5,0,
0.80,0.40,-1.00,3.10,14.67,12.0,-7.40,0.420,14.70,188.0,1.00,0.00,0.00,720,3,14.0,3.5,76.0,84.0,196.0,1774.0,0.00,10.0,28.6,0,
0.85,0.40,-1.00,3.10,14.68,12.0,-7.40,0.420,14.70,188.0,1.00,0.00,0.00,720,3,14.0,3.5,76.0,84.0,196.0,1778.0,0.00,10.0,28.7,0,
0.90,0.40,-1.00,3.10,14.68,12.0,-7.40,0.420,14.70,188.0,1.00,0.00,0.00,720,3,14.0,3.5,76.0,84.0,196.0,1782.0,0.00,10.0,28.8,0,
0.95,0.40,-1.00,3.10,14.69,12.0,-7.40,0.420,14.70,188.0,1.00,0.00,0.00,720,3,14.0,3.5,76.0,84.0,196.0,1786.0,0.00,10.0,28.9,0,
1.00,0.40,-1.00,3.10,14.61,12.0,-7.40,0.420,14.70,188.0,1.00,0.00,0.00,720,3,14.0,3.5,76.0,84.0,196.0,1710.0,0.00,10.0,27.0,0,
1.05,0.40,-1.00,3.10,14.61,12.0,-7.40,0.420,14.70,188.0,1.00,0.00,0.00,720,3,14.0,3.5,76.0,84.0,196.0,1714.0,0.00,10.0,27.1,0,
1.10,0.40,-1.00,3.10,14.62,12.0,-7.40,0.420,14.70,188.0,1.00,0.00,0.00,720,3,14.0,3.5,76.0,84.0,196.0,1718.0,0.00,10.0,27.2,0,
1.20,0.40,-1.00,3.10,13.35,100.0,1.93,0.652,12.80,190.0,1.00,0.00,0.00,2100,2,5.5,14.0,82.0,88.0,202.0,3600.0,1.93,98.0,24.0,0,
1.25,0.40,-1.00,3.10,13.36,100.0,1.93,0.664,12.80,190.0,1.00,0.00,0.00,2104,2,5.7,14.1,82.0,88.0,202.0,3653.7,1.93,98.0,24.6,0,
1.30,0.40,-1.00,3.10,13.37,100.0,1.93,0.675,12.80,190.0,1.00,0.00,0.00,2107,2,5.8,14.2,82.0,88.0,202.0,3707.4,1.93,98.0,25.1,0,
1.35,0.40,-1.00,3.10,13.38,100.0,2.67,0.726,12.80,190.0,1.00,0.00,0.00,2147,2,5.9,14.3,82.0,88.7,202.0,3761.1,2.67,98.0,25.7,0,
1.40,0.40,-1.00,3.10,13.38,100.0,3.55,0.785,12.80,190.0,1.00,0.00,0.00,2194,2,6.0,14.4,82.0,89.6,202.0,3814.8,3.55,98.0,26.2,0,
1.45,0.40,-1.00,3.10,13.38,100.0,4.44,0.844,12.80,190.0,1.00,0.00,0.00,2241,2,6.1,14.4,82.0,90.5,202.0,3868.5,4.44,98.0,26.8,0,
1.50,0.40,-1.00,3.10,13.37,100.0,5.33,0.903,12.80,190.0,1.00,0.00,0.00,2288,2,6.2,14.6,82.0,91.3,202.0,3922.2,5.33,98.0,27.3,0,
1.55,0.40,-1.00,3.10,13.36,100.0,6.22,0.962,12.80,190.0,1.00,0.00,0.00,2335,2,6.3,14.9,82.0,92.2,202.0,3975.9,6.22,98.0,27.9,0,
1.60,0.40,-1.00,3.10,13.35,100.0,7.12,1.020,12.80,190.0,1.00,0.00,0.00,2382,2,6.4,15.3,82.0,93.0,202.0,4029.6,7.12,98.0,28.4,0,
1.65,0.40,-1.00,3.10,13.33,100.0,8.01,1.076,12.80,190.0,1.00,0.00,0.00,2429,2,6.5,15.7,82.0,93.9,202.0,4083.3,16.00,98.0,29.0,0,
1.70,0.40,-1.00,3.10,13.33,100.0,8.89,1.132,12.80,190.0,1.00,0.00,0.00,2476,2,6.6,16.2,82.0,94.8,202.0,4137.0,16.00,98.0,29.6,0,
1.75,0.40,-1.00,3.10,13.32,100.0,9.78,1.188,12.80,190.0,1.00,0.00,0.00,2523,2,6.7,16.7,82.0,95.6,202.0,4190.7,16.00,98.0,30.1,0,
1.80,0.40,-1.00,3.10,11.00,100.0,10.65,1.242,11.00,190.0,1.00,0.00,0.00,2570,2,6.8,17.2,82.0,96.5,202.0,4244.4,16.00,98.0,30.7,0,
1.85,0.40,-1.00,3.10,11.00,100.0,11.52,1.296,11.00,190.0,1.00,0.00,0.00,2617,2,6.9,17.9,82.0,97.4,202.0,4298.1,16.00,98.0,31.2,0,
1.90,0.40,-1.00,3.10,11.00,100.0,12.38,1.350,10.99,190.0,1.00,0.00,0.00,2663,2,7.0,18.5,82.0,98.2,202.0,4351.9,16.00,98.0,31.8,0,
1.95,0.40,-1.00,3.10,11.01,100.0,13.23,1.404,10.99,190.0,1.00,0.00,0.00,2710,2,7.0,19.3,82.0,99.1,202.0,4405.6,16.00,98.0,32.3,0,
2.00,0.40,-1.00,3.10,11.01,100.0,14.07,1.458,10.98,190.0,1.00,0.00,0.00,2757,2,7.1,20.1,82.0,100.0,202.0,4459.3,16.00,98.0,32.9,0,
2.05,0.40,-1.00,3.10,11.02,100.0,14.91,1.514,10.98,190.0,1.00,0.00,0.00,2804,2,7.2,20.9,82.0,100.8,202.0,4513.0,16.00,98.0,33.4,0,
2.10,0.40,-1.00,3.10,11.02,100.0,15.74,1.571,10.98,190.0,1.00,0.00,0.00,2851,2,7.3,21.8,82.0,101.7,202.0,4566.7,16.00,98.0,34.0,0,
2.15,0.40,-1.00,3.10,11.02,100.0,16.00,1.592,10.97,190.0,1.00,0.00,0.00,2870,2,7.5,22.4,82.0,102.0,202.0,4620.4,16.00,98.0,34.6,0,
2.20,0.40,-1.00,3.10,11.02,100.0,15.95,1.594,10.97,190.0,1.00,0.00,0.00,2874,2,7.6,22.9,82.0,102.0,202.0,4674.1,16.00,98.0,35.1,0,
2.25,0.40,-1.00,3.10,11.01,100.0,15.91,1.598,10.97,190.0,1.00,0.00,0.00,2878,2,7.8,23.3,82.0,102.0,202.0,4727.8,16.00,98.0,35.7,0,
2.30,0.40,-1.00,3.10,11.00,100.0,15.87,1.604,10.97,190.0,1.00,0.00,0.00,2881,2,8.0,23.8,82.0,102.0,202.0,4781.5,16.00,98.0,36.2,0,
2.35,0.40,-1.00,3.10,10.99,100.0,15.84,1.612,10.96,190.0,1.00,0.00,0.00,2885,2,8.1,24.2,82.0,102.0,202.0,4835.2,16.00,98.0,36.8,0,
2.40,0.40,-1.00,3.10,10.97,100.0,15.81,1.622,10.96,190.0,1.00,0.00,0.00,2889,2,8.3,24.7,82.0,102.0,202.0,4888.9,16.00,98.0,37.3,0,
2.45,0.40,-1.00,3.10,10.96,100.0,15.79,1.636,10.96,190.0,1.00,0.00,0.00,2893,2,8.5,25.1,82.0,102.0,202.0,4942.6,16.00,98.0,37.9,0,
2.50,0.40,-1.00,3.10,10.95,100.0,15.77,1.651,10.96,190.0,1.00,0.00,0.00,2896,2,8.6,25.6,82.0,102.0,202.0,4996.3,16.00,98.0,38.4,0,
2.55,0.40,-1.00,3.10,10.95,100.0,15.77,1.669,10.96,190.0,1.00,0.00,0.00,2900,2,8.8,26.0,82.0,102.0,202.0,5050.0,16.00,98.0,39.0,0,
2.60,0.40,-1.00,3.10,10.95,100.0,15.77,1.689,10.96,190.0,1.00,0.00,0.00,2904,2,9.0,26.4,82.0,102.0,202.0,5103.7,16.00,98.0,39.6,0,
2.65,0.40,-1.00,3.10,10.96,100.0,15.79,1.711,10.96,190.0,1.00,0.00,0.00,2907,2,9.1,26.9,82.0,102.0,202.0,5157.4,16.00,98.0,40.1,0,
2.70,0.40,-1.00,3.10,10.97,100.0,15.81,1.734,10.96,190.0,1.00,0.00,0.00,2911,2,9.3,27.3,82.0,102.0,202.0,5211.1,16.00,98.0,40.7,0,
2.75,0.40,-1.00,3.10,10.99,100.0,15.84,1.758,10.96,190.0,1.00,0.00,0.00,2915,2,9.5,27.8,82.0,102.0,202.0,5264.8,16.00,98.0,41.2,0,
2.80,0.40,-1.00,3.10,11.00,100.0,15.87,1.783,10.97,190.0,1.00,0.00,0.00,2919,2,9.6,28.2,82.0,102.0,202.0,5318.5,16.00,98.0,41.8,0,
2.85,0.40,-1.00,3.10,11.90,100.0,15.91,1.808,10.97,190.0,1.00,0.00,0.00,2922,2,9.8,28.7,82.0,102.0,202.0,5372.2,16.00,98.0,42.3,0,
2.90,0.40,-1.00,3.10,11.90,100.0,15.95,1.832,10.97,190.0,1.00,0.00,0.00,2926,2,10.0,29.1,82.0,102.0,202.0,5425.9,16.00,98.0,42.9,0,
2.95,0.40,-1.00,3.10,11.02,100.0,16.00,1.855,10.97,190.0,1.00,0.00,0.00,2930,2,10.1,29.6,82.0,102.0,202.0,5479.6,16.00,98.0,43.4,0,
3.00,0.40,-1.00,3.10,11.02,100.0,16.05,1.877,10.98,190.0,1.00,0.00,0.00,2933,2,10.3,30.0,82.0,102.0,202.0,5533.3,16.00,98.0,44.0,0,
3.05,0.40,-1.00,3.10,11.02,100.0,16.10,1.897,10.98,190.0,1.00,0.00,0.00,2937,2,10.5,30.4,82.0,102.0,202.0,5587.0,16.00,98.0,44.6,0,
3.10,0.40,-1.00,3.10,11.01,100.0,16.15,1.915,10.98,190.0,1.00,0.00,0.00,2941,2,10.6,30.9,82.0,102.0,202.0,5640.7,16.00,98.0,45.1,0,
3.15,0.40,-1.00,3.10,11.01,100.0,16.19,1.931,10.99,190.0,1.00,0.00,0.00,2944,2,10.8,31.3,82.0,102.0,202.0,5694.4,16.00,98.0,45.7,0,
3.20,0.40,-1.00,3.10,11.00,100.0,16.23,1.944,10.99,190.0,1.00,0.00,0.00,2948,2,11.0,31.8,82.0,102.0,202.0,5748.1,16.00,98.0,46.2,0,
3.25,0.40,-1.00,3.10,11.00,100.0,16.26,1.955,11.00,190.0,1.00,0.00,0.00,2952,2,11.1,32.2,82.0,102.0,202.0,5801.9,16.00,98.0,46.8,0,
3.30,0.40,-1.00,3.10,11.00,100.0,16.29,1.964,11.00,190.0,1.00,0.00,0.00,2956,2,11.3,32.7,82.0,102.0,202.0,5855.6,16.00,98.0,47.3,0,
3.35,0.40,-1.00,3.10,11.01,100.0,16.31,1.971,11.01,190.0,1.00,0.00,0.00,2959,2,11.5,33.1,82.0,102.0,202.0,5909.3,16.00,98.0,47.9,0,
3.40,0.40,-1.00,3.10,11.02,100.0,16.33,1.976,11.01,190.0,1.00,0.00,0.00,2963,2,11.6,33.6,82.0,102.0,202.0,5963.0,16.00,98.0,48.4,0,
3.45,0.40,-1.00,3.10,11.03,100.0,16.33,1.979,11.02,190.0,1.00,0.00,0.00,2967,2,11.8,34.0,82.0,102.0,202.0,6016.7,16.00,98.0,49.0,0,
3.50,0.40,-1.00,3.10,11.05,100.0,16.33,1.981,11.03,190.0,1.00,0.00,0.00,2970,2,12.0,34.4,82.0,102.0,202.0,6070.4,16.00,98.0,49.6,0,
3.55,0.40,-1.00,3.10,11.07,100.0,16.31,1.982,11.03,190.0,1.00,0.00,0.00,2974,2,12.1,34.9,82.0,102.0,202.0,6124.1,16.00,98.0,50.1,0,
3.60,0.40,-1.00,3.10,11.09,100.0,16.29,1.982,11.04,190.0,1.00,0.00,0.00,2978,2,12.3,35.3,82.0,102.0,202.0,6177.8,16.00,98.0,50.7,0,
3.65,0.40,-1.00,3.10,11.11,100.0,16.26,1.983,11.05,190.0,1.00,0.00,0.00,2981,2,12.5,35.8,82.0,102.0,202.0,6231.5,16.00,98.0,51.2,0,
3.70,0.40,-1.00,3.10,11.12,100.0,16.23,1.984,11.05,190.0,1.00,0.00,0.00,2985,2,12.6,36.2,82.0,102.0,202.0,6285.2,16.00,98.0,51.8,0,
3.75,0.40,-1.00,3.10,11.12,100.0,16.19,1.986,11.06,190.0,1.00,0.00,0.00,2989,2,12.8,36.7,82.0,102.0,202.0,6338.9,16.00,98.0,52.3,0,
3.80,0.40,-1.00,3.10,11.13,100.0,16.15,1.989,11.07,190.0,1.00,0.00,0.00,2993,2,13.0,37.1,82.0,102.0,202.0,6392.6,16.00,98.0,52.9,0,
3.85,0.40,-1.00,3.10,11.12,100.0,16.10,1.993,11.07,190.0,1.00,0.00,0.00,2996,2,13.1,37.6,82.0,102.0,202.0,6446.3,16.00,98.0,53.4,0,
3.90,0.40,-1.00,3.10,11.12,100.0,16.05,2.000,11.08,190.0,1.00,0.00,0.00,3000,2,13.3,38.0,82.0,102.0,202.0,6500.0,16.00,98.0,54.0,0,
4.00,0.40,-1.00,3.10,18.50,0.0,-4.50,0.420,14.70,188.0,1.00,0.00,0.00,900,3,14.0,3.5,76.0,84.0,196.0,4200.0,0.00,2.0,70.0,0,
4.05,0.40,-1.00,3.10,18.50,0.0,-4.50,0.420,14.70,188.0,1.00,0.00,0.00,900,3,14.0,3.5,76.0,84.0,196.0,4120.0,0.00,2.0,69.0,0,
4.10,0.40,-1.00,3.10,18.50,0.0,-4.50,0.420,14.70,188.0,1.00,0.00,0.00,900,3,14.0,3.5,76.0,84.0,196.0,4040.0,0.00,2.0,68.0,0,
4.15,0.40,-1.00,3.10,18.50,0.0,-4.50,0.420,14.70,188.0,1.00,0.00,0.00,900,3,14.0,3.5,76.0,84.0,196.0,3960.0,0.00,2.0,67.0,0,
4.20,0.40,-1.00,3.10,18.50,0.0,-4.50,0.420,14.70,188.0,1.00,0.00,0.00,900,3,14.0,3.5,76.0,84.0,196.0,3880.0,0.00,2.0,66.0,0,
4.25,0.40,-1.00,3.10,18.50,0.0,-4.50,0.420,14.70,188.0,1.00,0.00,0.00,900,3,14.0,3.5,76.0,84.0,196.0,3800.0,0.00,2.0,65.0,0,
4.30,0.40,-1.00,3.10,18.50,0.0,-4.50,0.420,14.70,188.0,1.00,0.00,0.00,900,3,14.0,3.5,76.0,84.0,196.0,3720.0,0.00,2.0,64.0,0,
4.35,0.40,-1.00,3.10,18.50,0.0,-4.50,0.420,14.70,188.0,1.00,0.00,0.00,900,3,14.0,3.5,76.0,84.0,196.0,3640.0,0.00,2.0,63.0,0,
4.40,0.40,-1.00,3.10,18.50,0.0,-4.50,0.420,14.70,188.0,1.00,0.00,0.00,900,3,14.0,3.5,76.0,84.0,196.0,3560.0,0.00,2.0,62.0,0,
4.45,0.40,-1.00,3.10,18.50,0.0,-4.50,0.420,14.70,188.0,1.00,0.00,0.00,900,3,14.0,3.5,76.0,84.0,196.0,3480.0,0.00,2.0,61.0,0,
4.50,0.40,-1.00,3.10,18.50,0.0,-4.50,0.420,14.70,188.0,1.00,0.00,0.00,900,3,14.0,3.5,76.0,84.0,196.0,3400.0,0.00,2.0,60.0,0,
4.55,0.40,-1.00,3.10,18.50,0.0,-4.50,0.420,14.70,188.0,1.00,0.00,0.00,900,3,14.0,3.5,76.0,84.0,196.0,3320.0,0.00,2.0,59.0,0,
4.60,0.40,-1.00,3.10,18.50,0.0,-4.50,0.420,14.70,188.0,1.00,0.00,0.00,900,3,14.0,3.5,76.0,84.0,196.0,3240.0,0.00,2.0,58.0,0,
4.65,0.40,-1.00,3.10,18.50,0.0,-4.50,0.420,14.70,188.0,1.00,0.00,0.00,900,3,14.0,3.5,76.0,84.0,196.0,3160.0,0.00,2.0,57.0,0,
4.70,0.40,-1.00,3.10,18.50,0.0,-4.50,0.420,14.70,188.0,1.00,0.00,0.00,900,3,14.0,3.5,76.0,84.0,196.0,3080.0,0.00,2.0,56.0,0,
4.75,0.40,-1.00,3.10,18.50,0.0,-4.50,0.420,14.70,188.0,1.00,0.00,0.00,900,3,14.0,3.5,76.0,84.0,196.0,3000.0,0.00,2.0,55.0,0,
4.90,0.40,-1.00,3.10,13.35,100.0,1.93,0.652,12.80,190.0,1.00,0.00,0.00,2100,3,5.5,14.0,82.0,88.0,202.0,2800.0,1.93,98.0,34.0,0,
4.95,0.40,-1.00,3.10,13.36,100.0,1.93,0.658,12.80,190.0,1.00,0.00,0.00,2102,3,5.6,14.0,82.0,88.0,202.0,2833.3,1.93,98.0,34.5,0,
5.00,0.40,-1.00,3.10,13.36,100.0,1.93,0.665,12.80,190.0,1.00,0.00,0.00,2104,3,5.7,14.1,82.0,88.0,202.0,2866.7,1.93,98.0,35.0,0,
5.05,0.40,-1.00,3.10,13.37,100.0,1.93,0.671,12.80,190.0,1.00,0.00,0.00,2106,3,5.8,14.1,82.0,88.0,202.0,2900.0,1.93,98.0,35.5,0,
5.10,0.40,-1.00,3.10,13.37,100.0,1.95,0.678,12.80,190.0,1.00,0.00,0.00,2109,3,5.9,14.2,82.0,88.0,202.0,2933.3,1.95,98.0,35.9,0,
5.15,0.40,-1.00,3.10,13.38,100.0,2.43,0.710,12.80,190.0,1.00,0.00,0.00,2135,3,5.9,14.2,82.0,88.5,202.0,2966.7,2.43,98.0,36.4,0,
5.20,0.40,-1.00,3.10,13.38,100.0,2.91,0.742,12.80,190.0,1.00,0.00,0.00,2160,3,6.0,14.3,82.0,89.0,202.0,3000.0,2.91,98.0,36.9,0,
5.25,0.40,-1.00,3.10,13.38,100.0,3.39,0.774,12.80,190.0,1.00,0.00,0.00,2186,3,6.0,14.3,82.0,89.4,202.0,3033.3,3.39,98.0,37.4,0,
5.30,0.40,-1.00,3.10,13.38,100.0,3.87,0.807,12.80,190.0,1.00,0.00,0.00,2211,3,6.1,14.4,82.0,89.9,202.0,3066.7,3.87,98.0,37.9,0,
5.35,0.40,-1.00,3.10,13.38,100.0,4.36,0.839,12.80,190.0,1.00,0.00,0.00,2237,3,6.1,14.4,82.0,90.4,202.0,3100.0,4.36,98.0,38.4,0,
5.40,0.40,-1.00,3.10,13.37,100.0,4.84,0.871,12.80,190.0,1.00,0.00,0.00,2263,3,6.2,14.5,82.0,90.8,202.0,3133.3,4.84,98.0,38.8,0,
5.45,0.40,-1.00,3.10,13.37,100.0,5.33,0.903,12.80,190.0,1.00,0.00,0.00,2288,3,6.2,14.6,82.0,91.3,202.0,3166.7,5.33,98.0,39.3,0,
5.50,0.40,-1.00,3.10,13.36,100.0,5.82,0.935,12.80,190.0,1.00,0.00,0.00,2314,3,6.3,14.8,82.0,91.8,202.0,3200.0,5.82,98.0,39.8,0,
5.55,0.40,-1.00,3.10,13.36,100.0,6.31,0.967,12.80,190.0,1.00,0.00,0.00,2339,3,6.3,15.0,82.0,92.3,202.0,3233.3,6.31,98.0,40.3,0,
5.60,0.40,-1.00,3.10,13.35,100.0,6.79,0.999,12.80,190.0,1.00,0.00,0.00,2365,3,6.4,15.1,82.0,92.7,202.0,3266.7,6.79,98.0,40.8,0,
5.65,0.40,-1.00,3.10,13.34,100.0,7.28,1.030,12.80,190.0,1.00,0.00,0.00,2391,3,6.4,15.4,82.0,93.2,202.0,3300.0,7.28,98.0,41.3,0,
5.70,0.40,-1.00,3.10,13.34,100.0,7.77,1.061,12.80,190.0,1.00,0.00,0.00,2416,3,6.5,15.6,82.0,93.7,202.0,3333.3,7.77,98.0,41.8,0,
5.75,0.40,-1.00,3.10,13.33,100.0,8.25,1.092,12.80,190.0,1.00,0.00,0.00,2442,3,6.5,15.8,82.0,94.1,202.0,3366.7,16.00,98.0,42.2,0,
5.80,0.40,-1.00,3.10,13.33,100.0,8.73,1.122,12.80,190.0,1.00,0.00,0.00,2467,3,6.6,16.1,82.0,94.6,202.0,3400.0,16.00,98.0,42.7,0,
5.85,0.40,-1.00,3.10,13.32,100.0,9.22,1.153,12.80,190.0,1.00,0.00,0.00,2493,3,6.6,16.3,82.0,95.1,202.0,3433.3,16.00,98.0,43.2,0,
5.90,0.40,-1.00,3.10,13.32,100.0,9.70,1.183,12.80,190.0,1.00,0.00,0.00,2518,3,6.7,16.6,82.0,95.6,202.0,3466.7,16.00,98.0,43.7,0,
5.95,0.40,-1.00,3.10,11.00,100.0,10.18,1.212,11.01,190.0,1.00,0.00,0.00,2544,3,6.7,16.9,82.0,96.0,202.0,3500.0,16.00,98.0,44.2,0,
6.00,0.40,-1.00,3.10,11.00,100.0,10.65,1.242,11.00,190.0,1.00,0.00,0.00,2570,3,6.8,17.2,82.0,96.5,202.0,3533.3,16.00,98.0,44.7,0,
6.05,0.40,-1.00,3.10,11.00,100.0,11.13,1.272,11.00,190.0,1.00,0.00,0.00,2595,3,6.8,17.6,82.0,97.0,202.0,3566.7,16.00,98.0,45.2,0,
6.10,0.40,-1.00,3.10,11.00,100.0,11.60,1.301,11.00,190.0,1.00,0.00,0.00,2621,3,6.9,17.9,82.0,97.4,202.0,3600.0,16.00,98.0,45.6,0,
6.15,0.40,-1.00,3.10,11.00,100.0,12.07,1.330,10.99,190.0,1.00,0.00,0.00,2646,3,6.9,18.3,82.0,97.9,202.0,3633.3,16.00,98.0,46.1,0,
6.20,0.40,-1.00,3.10,11.00,100.0,12.54,1.360,10.99,190.0,1.00,0.00,0.00,2672,3,7.0,18.7,82.0,98.4,202.0,3666.7,16.00,98.0,46.6,0,
6.25,0.40,-1.00,3.10,11.01,100.0,13.00,1.389,10.99,190.0,1.00,0.00,0.00,2698,3,7.0,19.1,82.0,98.9,202.0,3700.0,16.00,98.0,47.1,0,
6.30,0.40,-1.00,3.10,11.01,100.0,13.46,1.419,10.99,190.0,1.00,0.00,0.00,2723,3,7.1,19.5,82.0,99.3,202.0,3733.3,16.00,98.0,47.6,0,
6.35,0.40,-1.00,3.10,11.01,100.0,13.92,1.448,10.98,190.0,1.00,0.00,0.00,2749,3,7.1,19.9,82.0,99.8,202.0,3766.7,16.00,98.0,48.1,0,
6.40,0.40,-1.00,3.10,11.02,100.0,14.38,1.478,10.98,190.0,1.00,0.00,0.00,2774,3,7.2,20.4,82.0,100.3,202.0,3800.0,16.00,98.0,48.5,0,
6.45,0.40,-1.00,3.10,11.02,100.0,14.83,1.509,10.98,190.0,1.00,0.00,0.00,2800,3,7.2,20.8,82.0,100.7,202.0,3833.3,16.00,98.0,49.0,0,
6.50,0.40,-1.00,3.10,11.02,100.0,15.29,1.540,10.98,190.0,1.00,0.00,0.00,2826,3,7.3,21.3,82.0,101.2,202.0,3866.7,16.00,98.0,49.5,0,
6.55,0.40,-1.00,3.10,11.02,100.0,15.74,1.571,10.98,190.0,1.00,0.00,0.00,2851,3,7.3,21.8,82.0,101.7,202.0,3900.0,16.00,98.0,50.0,0,
6.60,0.40,-1.00,3.10,11.03,100.0,16.02,1.592,10.97,190.0,1.00,0.00,0.00,2869,3,7.4,22.2,82.0,102.0,202.0,3933.3,16.00,98.0,50.5,0,
6.65,0.40,-1.00,3.10,11.02,100.0,16.00,1.592,10.97,190.0,1.00,0.00,0.00,2871,3,7.5,22.5,82.0,102.0,202.0,3966.7,16.00,98.0,51.0,0,
6.70,0.40,-1.00,3.10,11.02,100.0,15.97,1.593,10.97,190.0,1.00,0.00,0.00,2873,3,7.6,22.7,82.0,102.0,202.0,4000.0,16.00,98.0,51.5,0,
6.75,0.40,-1.00,3.10,11.02,100.0,15.95,1.595,10.97,190.0,1.00,0.00,0.00,2875,3,7.7,23.0,82.0,102.0,202.0,4033.3,16.00,98.0,51.9,0,
6.80,0.40,-1.00,3.10,11.01,100.0,15.92,1.597,10.97,190.0,1.00,0.00,0.00,2877,3,7.8,23.2,82.0,102.0,202.0,4066.7,16.00,98.0,52.4,0,
6.85,0.40,-1.00,3.10,11.01,100.0,15.90,1.599,10.97,190.0,1.00,0.00,0.00,2879,3,7.8,23.5,82.0,102.0,202.0,4100.0,16.00,98.0,52.9,0,
6.90,0.40,-1.00,3.10,11.00,100.0,15.88,1.602,10.97,190.0,1.00,0.00,0.00,2881,3,7.9,23.7,82.0,102.0,202.0,4133.3,16.00,98.0,53.4,0,
6.95,0.40,-1.00,3.10,10.99,100.0,15.86,1.606,10.96,190.0,1.00,0.00,0.00,2883,3,8.0,23.9,82.0,102.0,202.0,4166.7,16.00,98.0,53.9,0,
7.00,0.40,-1.00,3.10,10.99,100.0,15.84,1.611,10.96,190.0,1.00,0.00,0.00,2885,3,8.1,24.2,82.0,102.0,202.0,4200.0,16.00,98.0,54.4,0,
7.05,0.40,-1.00,3.10,10.98,100.0,15.82,1.616,10.96,190.0,1.00,0.00,0.00,2887,3,8.2,24.4,82.0,102.0,202.0,4233.3,16.00,98.0,54.8,0,
7.10,0.40,-1.00,3.10,10.97,100.0,15.81,1.622,10.96,190.0,1.00,0.00,0.00,2889,3,8.3,24.7,82.0,102.0,202.0,4266.7,16.00,98.0,55.3,0,
7.15,0.40,-1.00,3.10,10.97,100.0,15.80,1.629,10.96,190.0,1.00,0.00,0.00,2891,3,8.4,24.9,82.0,102.0,202.0,4300.0,16.00,98.0,55.8,0,
7.20,0.40,-1.00,3.10,10.96,100.0,15.79,1.637,10.96,190.0,1.00,0.00,0.00,2893,3,8.5,25.2,82.0,102.0,202.0,4333.3,16.00,98.0,56.3,0,
7.25,0.40,-1.00,3.10,10.95,100.0,15.78,1.645,10.96,190.0,1.00,0.00,0.00,2895,3,8.6,25.4,82.0,102.0,202.0,4366.7,16.00,98.0,56.8,0,
7.30,0.40,-1.00,3.10,10.95,100.0,15.77,1.654,10.96,190.0,1.00,0.00,0.00,2897,3,8.7,25.6,82.0,102.0,202.0,4400.0,16.00,98.0,57.3,0,
7.35,0.40,-1.00,3.10,10.95,100.0,15.77,1.664,10.96,190.0,1.00,0.00,0.00,2899,3,8.8,25.9,82.0,102.0,202.0,4433.3,16.00,98.0,57.8,0,
7.40,0.40,-1.00,3.10,10.95,100.0,15.77,1.674,10.96,190.0,1.00,0.00,0.00,2901,3,8.8,26.1,82.0,102.0,202.0,4466.7,16.00,98.0,58.2,0,
7.45,0.40,-1.00,3.10,10.95,100.0,15.77,1.685,10.96,190.0,1.00,0.00,0.00,2903,3,8.9,26.4,82.0,102.0,202.0,4500.0,16.00,98.0,58.7,0,
7.50,0.40,-1.00,3.10,10.95,100.0,15.78,1.697,10.96,190.0,1.00,0.00,0.00,2905,3,9.0,26.6,82.0,102.0,202.0,4533.3,16.00,98.0,59.2,0,
7.55,0.40,-1.00,3.10,10.96,100.0,15.79,1.709,10.96,190.0,1.00,0.00,0.00,2907,3,9.1,26.8,82.0,102.0,202.0,4566.7,16.00,98.0,59.7,0,
7.60,0.40,-1.00,3.10,10.97,100.0,15.80,1.721,10.96,190.0,1.00,0.00,0.00,2909,3,9.2,27.1,82.0,102.0,202.0,4600.0,16.00,98.0,60.2,0,
7.65,0.40,-1.00,3.10,10.97,100.0,15.81,1.734,10.96,190.0,1.00,0.00,0.00,2911,3,9.3,27.3,82.0,102.0,202.0,4633.3,16.00,98.0,60.7,0,
7.70,0.40,-1.00,3.10,10.98,100.0,15.82,1.747,10.96,190.0,1.00,0.00,0.00,2913,3,9.4,27.6,82.0,102.0,202.0,4666.7,16.00,98.0,61.2,0,
7.75,0.40,-1.00,3.10,10.99,100.0,15.84,1.761,10.96,190.0,1.00,0.00,0.00,2915,3,9.5,27.8,82.0,102.0,202.0,4700.0,16.00,98.0,61.6,0,
7.80,0.40,-1.00,3.10,10.99,100.0,15.86,1.774,10.96,190.0,1.00,0.00,0.00,2917,3,9.6,28.1,82.0,102.0,202.0,4733.3,16.00,98.0,62.1,0,
7.85,0.40,-1.00,3.10,11.00,100.0,15.88,1.787,10.97,190.0,1.00,0.00,0.00,2919,3,9.7,28.3,82.0,102.0,202.0,4766.7,16.00,98.0,62.6,0,
7.90,0.40,-1.00,3.10,11.01,100.0,15.90,1.801,10.97,190.0,1.00,0.00,0.00,2921,3,9.8,28.5,82.0,102.0,202.0,4800.0,16.00,98.0,63.1,0,
7.95,0.40,-1.00,3.10,11.90,100.0,15.92,1.814,10.97,190.0,1.00,0.00,0.00,2923,3,9.8,28.8,82.0,102.0,202.0,4833.3,16.00,98.0,63.6,0,
8.00,0.40,-1.00,3.10,11.90,100.0,15.95,1.827,10.97,190.0,1.00,0.00,0.00,2925,3,9.9,29.0,82.0,102.0,202.0,4866.7,16.00,98.0,64.1,0,
8.05,0.40,-1.00,3.10,11.02,100.0,15.97,1.840,10.97,190.0,1.00,0.00,0.00,2927,3,10.0,29.3,82.0,102.0,202.0,4900.0,16.00,98.0,64.5,0,
8.10,0.40,-1.00,3.10,11.02,100.0,16.00,1.853,10.97,190.0,1.00,0.00,0.00,2929,3,10.1,29.5,82.0,102.0,202.0,4933.3,16.00,98.0,65.0,0,
8.15,0.40,-1.00,3.10,11.03,100.0,16.02,1.865,10.97,190.0,1.00,0.00,0.00,2931,3,10.2,29.8,82.0,102.0,202.0,4966.7,16.00,98.0,65.5,0,
8.20,0.40,-1.00,3.10,11.02,100.0,16.05,1.877,10.98,190.0,1.00,0.00,0.00,2933,3,10.3,30.0,82.0,102.0,202.0,5000.0,16.00,98.0,66.0,0,
8.25,0.40,-1.00,3.10,11.02,100.0,16.08,1.888,10.98,190.0,1.00,0.00,0.00,2935,3,10.4,30.2,82.0,102.0,202.0,5033.3,16.00,98.0,66.5,0,
8.30,0.40,-1.00,3.10,11.02,100.0,16.10,1.899,10.98,190.0,1.00,0.00,0.00,2937,3,10.5,30.5,82.0,102.0,202.0,5066.7,16.00,98.0,67.0,0,
8.35,0.40,-1.00,3.10,11.02,100.0,16.13,1.909,10.98,190.0,1.00,0.00,0.00,2939,3,10.6,30.7,82.0,102.0,202.0,5100.0,16.00,98.0,67.5,0,
8.40,0.40,-1.00,3.10,11.01,100.0,16.15,1.918,10.98,190.0,1.00,0.00,0.00,2941,3,10.7,31.0,82.0,102.0,202.0,5133.3,16.00,98.0,67.9,0,
8.45,0.40,-1.00,3.10,11.01,100.0,16.18,1.927,10.99,190.0,1.00,0.00,0.00,2943,3,10.8,31.2,82.0,102.0,202.0,5166.7,16.00,98.0,68.4,0,
8.50,0.40,-1.00,3.10,11.01,100.0,16.20,1.935,10.99,190.0,1.00,0.00,0.00,2945,3,10.8,31.5,82.0,102.0,202.0,5200.0,16.00,98.0,68.9,0,
8.55,0.40,-1.00,3.10,11.00,100.0,16.22,1.942,10.99,190.0,1.00,0.00,0.00,2947,3,10.9,31.7,82.0,102.0,202.0,5233.3,16.00,98.0,69.4,0,
8.60,0.40,-1.00,3.10,11.00,100.0,16.24,1.949,10.99,190.0,1.00,0.00,0.00,2949,3,11.0,31.9,82.0,102.0,202.0,5266.7,16.00,98.0,69.9,0,
8.65,0.40,-1.00,3.10,11.00,100.0,16.26,1.954,11.00,190.0,1.00,0.00,0.00,2952,3,11.1,32.2,82.0,102.0,202.0,5300.0,16.00,98.0,70.4,0,
8.70,0.40,-1.00,3.10,11.00,100.0,16.28,1.960,11.00,190.0,1.00,0.00,0.00,2954,3,11.2,32.4,82.0,102.0,202.0,5333.3,16.00,98.0,70.8,0,
8.75,0.40,-1.00,3.10,11.00,100.0,16.29,1.964,11.00,190.0,1.00,0.00,0.00,2956,3,11.3,32.7,82.0,102.0,202.0,5366.7,16.00,98.0,71.3,0,
8.80,0.40,-1.00,3.10,11.00,100.0,16.30,1.968,11.01,190.0,1.00,0.00,0.00,2958,3,11.4,32.9,82.0,102.0,202.0,5400.0,16.00,98.0,71.8,0,
8.85,0.40,-1.00,3.10,11.01,100.0,16.31,1.971,11.01,190.0,1.00,0.00,0.00,2960,3,11.5,33.2,82.0,102.0,202.0,5433.3,16.00,98.0,72.3,0,
8.90,0.40,-1.00,3.10,11.01,100.0,16.32,1.974,11.01,190.0,1.00,0.00,0.00,2962,3,11.6,33.4,82.0,102.0,202.0,5466.7,16.00,98.0,72.8,0,
8.95,0.40,-1.00,3.10,11.02,100.0,16.33,1.976,11.02,190.0,1.00,0.00,0.00,2964,3,11.7,33.6,82.0,102.0,202.0,5500.0,16.00,98.0,73.3,0,
9.00,0.40,-1.00,3.10,11.03,100.0,16.33,1.978,11.02,190.0,1.00,0.00,0.00,2966,3,11.8,33.9,82.0,102.0,202.0,5533.3,16.00,98.0,73.8,0,
9.05,0.40,-1.00,3.10,11.04,100.0,16.33,1.979,11.02,190.0,1.00,0.00,0.00,2968,3,11.8,34.1,82.0,102.0,202.0,5566.7,16.00,98.0,74.2,0,
9.10,0.40,-1.00,3.10,11.05,100.0,16.33,1.980,11.03,190.0,1.00,0.00,0.00,2970,3,11.9,34.4,82.0,102.0,202.0,5600.0,16.00,98.0,74.7,0,
9.15,0.40,-1.00,3.10,11.06,100.0,16.32,1.981,11.03,190.0,1.00,0.00,0.00,2972,3,12.0,34.6,82.0,102.0,202.0,5633.3,16.00,98.0,75.2,0,
9.20,0.40,-1.00,3.10,11.07,100.0,16.31,1.981,11.03,190.0,1.00,0.00,0.00,2974,3,12.1,34.8,82.0,102.0,202.0,5666.7,16.00,98.0,75.7,0,
9.25,0.40,-1.00,3.10,11.08,100.0,16.30,1.982,11.04,190.0,1.00,0.00,0.00,2976,3,12.2,35.1,82.0,102.0,202.0,5700.0,16.00,98.0,76.2,0,
9.30,0.40,-1.00,3.10,11.09,100.0,16.29,1.982,11.04,190.0,1.00,0.00,0.00,2978,3,12.3,35.3,82.0,102.0,202.0,5733.3,16.00,98.0,76.7,0,
9.35,0.40,-1.00,3.10,11.10,100.0,16.28,1.982,11.04,190.0,1.00,0.00,0.00,2980,3,12.4,35.6,82.0,102.0,202.0,5766.7,16.00,98.0,77.2,0,
9.40,0.40,-1.00,3.10,11.11,100.0,16.26,1.983,11.05,190.0,1.00,0.00,0.00,2982,3,12.5,35.8,82.0,102.0,202.0,5800.0,16.00,98.0,77.6,0,
9.45,0.40,-1.00,3.10,11.11,100.0,16.24,1.983,11.05,190.0,1.00,0.00,0.00,2984,3,12.6,36.1,82.0,102.0,202.0,5833.3,16.00,98.0,78.1,0,
9.50,0.40,-1.00,3.10,11.12,100.0,16.22,1.984,11.05,190.0,1.00,0.00,0.00,2986,3,12.7,36.3,82.0,102.0,202.0,5866.7,16.00,98.0,78.6,0,
9.55,0.40,-1.00,3.10,11.12,100.0,16.20,1.985,11.06,190.0,1.00,0.00,0.00,2988,3,12.8,36.5,82.0,102.0,202.0,5900.0,16.00,98.0,79.1,0,
9.60,0.40,-1.00,3.10,11.12,100.0,16.18,1.986,11.06,190.0,1.00,0.00,0.00,2990,3,12.8,36.8,82.0,102.0,202.0,5933.3,16.00,98.0,79.6,0,
9.65,0.40,-1.00,3.10,11.13,100.0,16.15,1.988,11.06,190.0,1.00,0.00,0.00,2992,3,12.9,37.0,82.0,102.0,202.0,5966.7,16.00,98.0,80.1,0,
9.70,0.40,-1.00,3.10,11.13,100.0,16.13,1.990,11.07,190.0,1.00,0.00,0.00,2994,3,13.0,37.3,82.0,102.0,202.0,6000.0,16.00,98.0,80.5,0,
9.75,0.40,-1.00,3.10,11.12,100.0,16.10,1.993,11.07,190.0,1.00,0.00,0.00,2996,3,13.1,37.5,82.0,102.0,202.0,6033.3,16.00,98.0,81.0,0,
9.80,0.40,-1.00,3.10,11.12,100.0,16.08,1.996,11.08,190.0,1.00,0.00,0.00,2998,3,13.2,37.8,82.0,102.0,202.0,6066.7,16.00,98.0,81.5,0,
9.85,0.40,-1.00,3.10,11.12,100.0,16.05,2.000,11.08,190.0,1.00,0.00,0.00,3000,3,13.3,38.0,82.0,102.0,202.0,6100.0,16.00,98.0,82.0,0,
10.00,0.40,-1.00,3.10,18.50,0.0,-4.50,0.420,14.70,188.0,1.00,-1.05,0.00,900,3,14.0,3.5,76.0,84.0,196.0,4200.0,0.00,2.0,70.0,0,
10.05,0.40,-1.00,3.10,18.50,0.0,-4.50,0.420,14.70,188.0,1.00,-1.05,0.00,900,3,14.0,3.5,76.0,84.0,196.0,4120.0,0.00,2.0,69.0,0,
10.10,0.40,-1.00,3.10,18.50,0.0,-4.50,0.420,14.70,188.0,1.00,-1.05,0.00,900,3,14.0,3.5,76.0,84.0,196.0,4040.0,0.00,2.0,68.0,0,
10.15,0.40,-1.00,3.10,18.50,0.0,-4.50,0.420,14.70,188.0,1.00,-1.05,0.00,900,3,14.0,3.5,76.0,84.0,196.0,3960.0,0.00,2.0,67.0,0,
10.20,0.40,-1.00,3.10,18.50,0.0,-4.50,0.420,14.70,188.0,1.00,-1.05,0.00,900,3,14.0,3.5,76.0,84.0,196.0,3880.0,0.00,2.0,66.0,0,
10.25,0.40,-1.00,3.10,18.50,0.0,-4.50,0.420,14.70,188.0,1.00,-1.05,0.00,900,3,14.0,3.5,76.0,84.0,196.0,3800.0,0.00,2.0,65.0,0,
10.30,0.40,-1.00,3.10,18.50,0.0,-4.50,0.420,14.70,188.0,1.00,-1.05,0.00,900,3,14.0,3.5,76.0,84.0,196.0,3720.0,0.00,2.0,64.0,0,
10.35,0.40,-1.00,3.10,18.50,0.0,-4.50,0.420,14.70,188.0,1.00,-1.05,0.00,900,3,14.0,3.5,76.0,84.0,196.0,3640.0,0.00,2.0,63.0,0,
10.40,0.40,-1.00,3.10,18.50,0.0,-4.50,0.420,14.70,188.0,1.00,-1.05,0.00,900,3,14.0,3.5,76.0,84.0,196.0,3560.0,0.00,2.0,62.0,0,
10.45,0.40,-1.00,3.10,18.50,0.0,-4.50,0.420,14.70,188.0,1.00,-1.05,0.00,900,3,14.0,3.5,76.0,84.0,196.0,3480.0,0.00,2.0,61.0,0,
10.50,0.40,-1.00,3.10,18.50,0.0,-4.50,0.420,14.70,188.0,1.00,-1.05,0.00,900,3,14.0,3.5,76.0,84.0,196.0,3400.0,0.00,2.0,60.0,0,
10.55,0.40,-1.00,3.10,18.50,0.0,-4.50,0.420,14.70,188.0,1.00,-1.05,0.00,900,3,14.0,3.5,76.0,84.0,196.0,3320.0,0.00,2.0,59.0,0,
10.60,0.40,-1.00,3.10,18.50,0.0,-4.50,0.420,14.70,188.0,1.00,-1.05,0.00,900,3,14.0,3.5,76.0,84.0,196.0,3240.0,0.00,2.0,58.0,0,
10.65,0.40,-1.00,3.10,18.50,0.0,-4.50,0.420,14.70,188.0,1.00,-1.05,0.00,900,3,14.0,3.5,76.0,84.0,196.0,3160.0,0.00,2.0,57.0,0,
10.70,0.40,-1.00,3.10,18.50,0.0,-4.50,0.420,14.70,188.0,1.00,-1.05,0.00,900,3,14.0,3.5,76.0,84.0,196.0,3080.0,0.00,2.0,56.0,0,
10.75,0.40,-1.00,3.10,18.50,0.0,-4.50,0.420,14.70,188.0,1.00,-1.05,0.00,900,3,14.0,3.5,76.0,84.0,196.0,3000.0,0.00,2.0,55.0,0,
