Time (sec),AF Correction 1 (%),AF Learning 1 (%),AF Learning 3 (%),AF Sens 1 Ratio (AFR),Accel Position (%),Boost (psi),Calculated Load (g/rev),Comm Fuel Final (AFR),Coolant Temp (F),Dyn Adv Mult (DAM),Feedback Knock (deg),Fine Knock Learn (deg),Fuel Pressure (psi),Gear Position (gear),Ignition Timing (deg),Inj Duty Cycle (%),Intake Temp (F),Intake Temp Manifold (F),Oil Temp (F),RPM (RPM),Target Boost Final Rel (psi),Throttle Pos (%),Vehicle Speed (mph),Roughness Cyl 1 (count),AP Info:[AP3-SUB-006 v0.0.0-1][2024 USDM WRX MT SAMPLE DATA][Reflash: Sample Map Needs a Conversation - 16psi 91oct.ptm]
0.00,0.40,4.60,12.50,14.61,12.0,-7.40,0.420,14.70,188.0,1.00,0.00,-1.17,720,3,14.0,3.5,76.0,84.0,196.0,1710.0,0.00,10.0,27.0,0,
0.05,0.40,4.60,12.50,14.61,12.0,-7.40,0.420,14.70,188.0,1.00,0.00,-1.17,720,3,14.0,3.5,76.0,84.0,196.0,1714.0,0.00,10.0,27.1,0,
0.10,0.40,4.60,12.50,14.62,12.0,-7.40,0.420,14.70,188.0,1.00,0.00,-1.17,720,3,14.0,3.5,76.0,84.0,196.0,1718.0,0.00,10.0,27.2,0,
0.15,0.40,4.60,12.50,14.62,12.0,-7.40,0.420,14.70,188.0,1.00,0.00,-1.17,720,3,14.0,3.5,76.0,84.0,196.0,1722.0,0.00,10.0,27.3,0,
0.20,0.40,4.60,12.50,14.63,12.0,-7.40,0.420,14.70,188.0,1.00,0.00,-1.17,720,3,14.0,3.5,76.0,84.0,196.0,1726.0,0.00,10.0,27.4,0,
0.25,0.40,4.60,12.50,14.63,12.0,-7.40,0.420,14.70,188.0,1.00,0.00,-1.17,720,3,14.0,3.5,76.0,84.0,196.0,1730.0,0.00,10.0,27.5,0,
0.30,0.40,4.60,12.50,14.63,12.0,-7.40,0.420,14.70,188.0,1.00,0.00,-1.17,720,3,14.0,3.5,76.0,84.0,196.0,1734.0,0.00,10.0,27.6,0,
0.35,0.40,4.60,12.50,14.64,12.0,-7.40,0.420,14.70,188.0,1.00,0.00,-1.17,720,3,14.0,3.5,76.0,84.0,196.0,1738.0,0.00,10.0,27.7,0,
0.40,0.40,4.60,12.50,14.64,12.0,-7.40,0.420,14.70,188.0,1.00,0.00,-1.17,720,3,14.0,3.5,76.0,84.0,196.0,1742.0,0.00,10.0,27.8,0,
0.45,0.40,4.60,12.50,14.65,12.0,-7.40,0.420,14.70,188.0,1.00,0.00,-1.17,720,3,14.0,3.5,76.0,84.0,196.0,1746.0,0.00,10.0,27.9,0,
0.50,0.40,4.60,12.50,14.65,12.0,-7.40,0.420,14.70,188.0,1.00,0.00,-1.17,720,3,14.0,3.5,76.0,84.0,196.0,1750.0,0.00,10.0,28.0,0,
0.55,0.40,4.60,12.50,14.65,12.0,-7.40,0.420,14.70,188.0,1.00,0.00,-1.17,720,3,14.0,3.5,76.0,84.0,196.0,1754.0,0.00,10.0,28.1,0,
0.60,0.40,4.60,12.50,14.66,12.0,-7.40,0.420,14.70,188.0,1.00,0.00,-1.17,720,3,14.0,3.5,76.0,84.0,196.0,1758.0,0.00,10.0,28.2,0,
0.65,0.40,4.60,12.50,14.66,12.0,-7.40,0.420,14.70,188.0,1.00,0.00,-1.17,720,3,14.0,3.5,76.0,84.0,196.0,1762.0,0.00,10.0,28.3,0,
0.70,0.40,4.60,12.50,14.67,12.0,-7.40,0.420,14.70,188.0,1.00,0.00,-1.17,720,3,14.0,3.5,76.0,84.0,196.0,1766.0,0.00,10.0,28.4,0,
0.75,0.40,4.60,12.50,14.67,12.0,-7.40,0.420,14.70,188.0,1.00,0.00,-1.17,720,3,14.0,3.5,76.0,84.0,196.0,1770.0,0.00,10.0,28.5,0,
0.80,0.40,4.60,12.50,14.67,12.0,-7.40,0.420,14.70,188.0,1.00,0.00,-1.17,720,3,14.0,3.5,76.0,84.0,196.0,1774.0,0.00,10.0,28.6,0,
0.85,0.40,4.60,12.50,14.68,12.0,-7.40,0.420,14.70,188.0,1.00,0.00,-1.17,720,3,14.0,3.5,76.0,84.0,196.0,1778.0,0.00,10.0,28.7,0,
0.90,0.40,4.60,12.50,14.68,12.0,-7.40,0.420,14.70,188.0,1.00,0.00,-1.17,720,3,14.0,3.5,76.0,84.0,196.0,1782.0,0.00,10.0,28.8,0,
0.95,0.40,4.60,12.50,14.69,12.0,-7.40,0.420,14.70,188.0,1.00,0.00,-1.17,720,3,14.0,3.5,76.0,84.0,196.0,1786.0,0.00,10.0,28.9,0,
1.00,0.40,4.60,12.50,14.61,12.0,-7.40,0.420,14.70,188.0,1.00,0.00,-1.17,720,3,14.0,3.5,76.0,84.0,196.0,1710.0,0.00,10.0,27.0,0,
1.05,0.40,4.60,12.50,14.61,12.0,-7.40,0.420,14.70,188.0,1.00,0.00,-1.17,720,3,14.0,3.5,76.0,84.0,196.0,1714.0,0.00,10.0,27.1,0,
1.10,0.40,4.60,12.50,14.62,12.0,-7.40,0.420,14.70,188.0,1.00,0.00,-1.17,720,3,14.0,3.5,76.0,84.0,196.0,1718.0,0.00,10.0,27.2,0,
1.20,0.40,4.60,12.50,13.35,100.0,1.94,0.652,12.80,190.0,1.00,0.00,-1.17,2100,3,5.5,14.0,82.0,88.0,202.0,2800.0,1.94,98.0,32.0,0,
1.25,0.40,4.60,12.50,13.36,100.0,1.94,0.658,12.80,190.0,1.00,0.00,-1.17,2102,3,5.6,14.0,82.0,88.0,202.0,2834.3,1.94,98.0,32.5,0,
1.30,0.40,4.60,12.50,13.36,100.0,1.94,0.665,12.80,190.0,1.00,0.00,-1.17,2104,3,5.7,14.1,82.0,88.0,202.0,2868.7,1.94,98.0,32.9,0,
1.35,0.40,4.60,12.50,13.37,100.0,1.94,0.671,12.80,190.0,1.00,0.00,-1.17,2106,3,5.8,14.1,82.0,88.0,202.0,2903.0,1.94,98.0,33.4,0,
1.40,0.40,4.60,12.50,13.37,100.0,1.96,0.678,12.80,190.0,1.00,0.00,-1.17,2109,3,5.9,14.2,82.0,88.0,202.0,2937.4,1.96,98.0,33.9,0,
1.45,0.40,4.60,12.50,13.38,100.0,2.45,0.710,12.80,190.0,1.00,0.00,-1.17,2135,3,5.9,14.2,82.0,88.5,202.0,2971.7,2.45,98.0,34.3,0,
1.50,0.40,4.60,12.50,13.38,100.0,2.93,0.742,12.80,190.0,1.00,0.00,-1.17,2160,3,6.0,14.3,82.0,89.0,202.0,3006.1,2.93,98.0,34.8,0,
1.55,0.40,4.60,12.50,13.38,100.0,3.42,0.774,12.80,190.0,1.00,0.00,-1.17,2186,3,6.0,14.3,82.0,89.4,202.0,3040.4,3.42,98.0,35.3,0,
1.60,0.40,4.60,12.50,13.38,100.0,3.91,0.807,12.80,190.0,1.00,0.00,-1.17,2211,3,6.1,14.4,82.0,89.9,202.0,3074.7,3.91,98.0,35.7,0,
1.65,0.40,4.60,12.50,13.38,100.0,4.40,0.839,12.80,190.0,1.00,0.00,-1.17,2237,3,6.1,14.4,82.0,90.4,202.0,3109.1,4.40,98.0,36.2,0,
1.70,0.40,4.60,12.50,13.37,100.0,4.89,0.871,12.80,190.0,1.00,0.00,-1.17,2263,3,6.2,14.5,82.0,90.8,202.0,3143.4,4.89,98.0,36.6,0,
1.75,0.40,4.60,12.50,13.37,100.0,5.38,0.903,12.80,190.0,1.00,0.00,-1.17,2288,3,6.2,14.6,82.0,91.3,202.0,3177.8,5.38,98.0,37.1,0,
1.80,0.40,4.60,12.50,13.36,100.0,5.87,0.935,12.80,190.0,1.00,0.00,-1.17,2314,3,6.3,14.8,82.0,91.8,202.0,3212.1,5.87,98.0,37.6,0,
1.85,0.40,4.60,12.50,13.36,100.0,6.36,0.967,12.80,190.0,1.00,0.00,-1.17,2339,3,6.3,15.0,82.0,92.3,202.0,3246.5,6.36,98.0,38.0,0,
1.90,0.40,4.60,12.50,13.35,100.0,6.86,0.999,12.80,190.0,1.00,0.00,-1.17,2365,3,6.4,15.1,82.0,92.7,202.0,3280.8,6.86,98.0,38.5,0,
1.95,0.40,4.60,12.50,13.34,100.0,7.35,1.030,12.80,190.0,1.00,0.00,-1.17,2391,3,6.4,15.4,82.0,93.2,202.0,3315.2,7.35,98.0,39.0,0,
2.00,0.40,4.60,12.50,13.34,100.0,7.84,1.061,12.80,190.0,1.00,0.00,-1.17,2416,3,6.5,15.6,82.0,93.7,202.0,3349.5,7.84,98.0,39.4,0,
2.05,0.40,4.60,12.50,13.33,100.0,8.33,1.092,12.80,190.0,1.00,0.00,-1.17,2442,3,6.5,15.8,82.0,94.1,202.0,3383.8,16.00,98.0,39.9,0,
2.10,0.40,4.60,12.50,13.33,100.0,8.81,1.122,12.80,190.0,1.00,0.00,-1.17,2467,3,6.6,16.1,82.0,94.6,202.0,3418.2,16.00,98.0,40.4,0,
2.15,0.40,4.60,12.50,13.32,100.0,9.30,1.153,12.80,190.0,1.00,0.00,-1.17,2493,3,6.6,16.3,82.0,95.1,202.0,3452.5,16.00,98.0,40.8,0,
2.20,0.40,4.60,12.50,13.32,100.0,9.79,1.183,12.80,190.0,1.00,0.00,-1.17,2518,3,6.7,16.6,82.0,95.6,202.0,3486.9,16.00,98.0,41.3,0,
2.25,0.40,4.60,12.50,11.06,100.0,10.27,1.212,11.03,190.0,1.00,0.00,-1.17,2544,3,6.7,16.9,82.0,96.0,202.0,3521.2,16.00,98.0,41.8,0,
2.30,0.40,4.60,12.50,11.06,100.0,10.75,1.242,11.02,190.0,1.00,0.00,-1.17,2570,3,6.8,17.2,82.0,96.5,202.0,3555.6,16.00,98.0,42.2,0,
2.35,0.40,4.60,12.50,11.06,100.0,11.23,1.272,11.02,190.0,1.00,0.00,-1.17,2595,3,6.8,17.6,82.0,97.0,202.0,3589.9,16.00,98.0,42.7,0,
2.40,0.40,4.60,12.50,11.06,100.0,11.71,1.301,11.02,190.0,1.00,0.00,-1.17,2621,3,6.9,17.9,82.0,97.4,202.0,3624.2,16.00,98.0,43.2,0,
2.45,0.40,4.60,12.50,11.06,100.0,12.18,1.330,11.01,190.0,1.00,0.00,-1.17,2646,3,6.9,18.3,82.0,97.9,202.0,3658.6,16.00,98.0,43.6,0,
2.50,0.40,4.60,12.50,11.06,100.0,12.65,1.360,11.01,190.0,1.00,0.00,-1.17,2672,3,7.0,18.7,82.0,98.4,202.0,3692.9,16.00,98.0,44.1,0,
2.55,0.40,4.60,12.50,11.07,100.0,13.12,1.389,11.01,190.0,1.00,0.00,-1.17,2698,3,7.0,19.1,82.0,98.9,202.0,3727.3,16.00,98.0,44.5,0,
2.60,0.40,4.60,12.50,11.07,100.0,13.59,1.419,11.01,190.0,1.00,0.00,-1.17,2723,3,7.1,19.5,82.0,99.3,202.0,3761.6,16.00,98.0,45.0,0,
2.65,0.40,4.60,12.50,11.07,100.0,14.05,1.448,11.00,190.0,1.00,0.00,-1.17,2749,3,7.1,19.9,82.0,99.8,202.0,3796.0,16.00,98.0,45.5,0,
2.70,0.40,4.60,12.50,11.08,100.0,14.51,1.478,11.00,190.0,1.00,0.00,-1.17,2774,3,7.2,20.4,82.0,100.3,202.0,3830.3,16.00,98.0,45.9,0,
2.75,0.40,4.60,12.50,11.08,100.0,14.97,1.509,11.00,190.0,1.00,0.00,-1.17,2800,3,7.2,20.8,82.0,100.7,202.0,3864.6,16.00,98.0,46.4,0,
2.80,0.40,4.60,12.50,11.08,100.0,15.43,1.539,11.00,190.0,1.00,0.00,-1.17,2826,3,7.3,21.3,82.0,101.2,202.0,3899.0,16.00,98.0,46.9,0,
2.85,0.40,4.60,12.50,11.08,100.0,15.88,1.571,11.00,190.0,1.00,0.00,-1.17,2851,3,7.3,21.8,82.0,101.7,202.0,3933.3,16.00,98.0,47.3,0,
2.90,0.40,4.60,12.50,11.09,100.0,16.17,1.592,10.99,190.0,1.00,0.00,-1.17,2869,3,7.4,22.2,82.0,102.0,202.0,3967.7,16.00,98.0,47.8,0,
2.95,0.40,4.60,12.50,11.08,100.0,16.15,1.592,10.99,190.0,1.00,0.00,-1.17,2871,3,7.5,22.5,82.0,102.0,202.0,4002.0,16.00,98.0,48.3,0,
3.00,0.40,4.60,12.50,11.08,100.0,16.12,1.593,10.99,190.0,1.00,0.00,-1.17,2873,3,7.6,22.7,82.0,102.0,202.0,4036.4,16.00,98.0,48.7,0,
3.05,0.40,4.60,12.50,11.08,100.0,16.10,1.595,10.99,190.0,1.00,0.00,-1.17,2875,3,7.7,23.0,82.0,102.0,202.0,4070.7,16.00,98.0,49.2,0,
3.10,0.40,4.60,12.50,11.07,100.0,16.07,1.597,10.99,190.0,1.00,0.00,-1.17,2877,3,7.8,23.2,82.0,102.0,202.0,4105.1,16.00,98.0,49.7,0,
3.15,0.40,4.60,12.50,11.07,100.0,16.05,1.599,10.99,190.0,1.00,0.00,-1.17,2879,3,7.8,23.5,82.0,102.0,202.0,4139.4,16.00,98.0,50.1,0,
3.20,0.40,4.60,12.50,11.06,100.0,16.03,1.603,10.99,190.0,1.00,0.00,-1.17,2881,3,7.9,23.7,82.0,102.0,202.0,4173.7,16.00,98.0,50.6,0,
3.25,0.40,4.60,12.50,11.05,100.0,16.01,1.606,10.98,190.0,1.00,0.00,-1.17,2883,3,8.0,23.9,82.0,102.0,202.0,4208.1,16.00,98.0,51.1,0,
3.30,0.40,4.60,12.50,11.05,100.0,15.99,1.611,10.98,190.0,1.00,0.00,-1.17,2885,3,8.1,24.2,82.0,102.0,202.0,4242.4,16.00,98.0,51.5,0,
3.35,0.40,4.60,12.50,11.04,100.0,15.97,1.616,10.98,190.0,1.00,0.00,-1.17,2887,3,8.2,24.4,82.0,102.0,202.0,4276.8,16.00,98.0,52.0,0,
3.40,0.40,4.60,12.50,11.03,100.0,15.96,1.623,10.98,190.0,1.00,0.00,-1.17,2889,3,8.3,24.7,82.0,102.0,202.0,4311.1,16.00,98.0,52.4,0,
3.45,0.40,4.60,12.50,11.03,100.0,15.95,1.629,10.98,190.0,1.00,0.00,-1.17,2891,3,8.4,24.9,82.0,102.0,202.0,4345.5,16.00,98.0,52.9,0,
3.50,0.40,4.60,12.50,11.02,100.0,15.94,1.637,10.98,190.0,1.00,0.00,-1.17,2893,3,8.5,25.2,82.0,102.0,202.0,4379.8,16.00,98.0,53.4,0,
3.55,0.40,4.60,12.50,11.01,100.0,15.93,1.645,10.98,190.0,1.00,0.00,-1.17,2895,3,8.6,25.4,82.0,102.0,202.0,4414.1,16.00,98.0,53.8,0,
3.60,0.40,4.60,12.50,11.01,100.0,15.92,1.655,10.98,190.0,1.00,0.00,-1.17,2897,3,8.7,25.6,82.0,102.0,202.0,4448.5,16.00,98.0,54.3,0,
3.65,0.40,4.60,12.50,11.01,100.0,15.92,1.664,10.98,190.0,1.00,0.00,-1.17,2899,3,8.8,25.9,82.0,102.0,202.0,4482.8,16.00,98.0,54.8,0,
3.70,0.40,4.60,12.50,11.01,100.0,15.92,1.675,10.98,190.0,1.00,0.00,-1.17,2901,3,8.8,26.1,82.0,102.0,202.0,4517.2,16.00,98.0,55.2,0,
3.75,0.40,4.60,12.50,11.01,100.0,15.92,1.686,10.98,190.0,1.00,0.00,-1.17,2903,3,8.9,26.4,82.0,102.0,202.0,4551.5,16.00,98.0,55.7,0,
3.80,0.40,4.60,12.50,11.01,100.0,15.93,1.697,10.98,190.0,1.00,0.00,-1.17,2905,3,9.0,26.6,82.0,102.0,202.0,4585.9,16.00,98.0,56.2,0,
3.85,0.40,4.60,12.50,11.02,100.0,15.94,1.709,10.98,190.0,1.00,0.00,-1.17,2907,3,9.1,26.8,82.0,102.0,202.0,4620.2,16.00,98.0,56.6,0,
3.90,0.40,4.60,12.50,11.03,100.0,15.95,1.722,10.98,190.0,1.00,0.00,-1.17,2909,3,9.2,27.1,82.0,102.0,202.0,4654.5,16.00,98.0,57.1,0,
3.95,0.40,4.60,12.50,11.03,100.0,15.96,1.734,10.98,190.0,1.00,0.00,-1.17,2911,3,9.3,27.3,82.0,102.0,202.0,4688.9,16.00,98.0,57.6,0,
4.00,0.40,4.60,12.50,11.04,100.0,15.97,1.747,10.98,190.0,1.00,0.00,-1.17,2913,3,9.4,27.6,82.0,102.0,202.0,4723.2,16.00,98.0,58.0,0,
4.05,0.40,4.60,12.50,11.80,100.0,15.99,1.761,10.98,190.0,1.00,0.00,-1.17,2915,3,9.5,27.8,82.0,102.0,202.0,4757.6,16.00,98.0,58.5,0,
4.10,0.40,4.60,12.50,11.80,100.0,16.01,1.774,10.98,190.0,1.00,0.00,-1.17,2917,3,9.6,28.1,82.0,102.0,202.0,4791.9,16.00,98.0,58.9,0,
4.15,0.40,4.60,12.50,11.06,100.0,16.03,1.788,10.99,190.0,1.00,0.00,-1.17,2919,3,9.7,28.3,82.0,102.0,202.0,4826.3,16.00,98.0,59.4,0,
4.20,0.40,4.60,12.50,11.07,100.0,16.05,1.801,10.99,190.0,1.00,0.00,-1.17,2921,3,9.8,28.5,82.0,102.0,202.0,4860.6,16.00,98.0,59.9,0,
4.25,0.40,4.60,12.50,11.07,100.0,16.07,1.814,10.99,190.0,1.00,0.00,-1.17,2923,3,9.8,28.8,82.0,102.0,202.0,4894.9,16.00,98.0,60.3,0,
4.30,0.40,4.60,12.50,11.08,100.0,16.10,1.827,10.99,190.0,1.00,0.00,-1.17,2925,3,9.9,29.0,82.0,102.0,202.0,4929.3,16.00,98.0,60.8,0,
4.35,0.40,4.60,12.50,11.08,100.0,16.12,1.840,10.99,190.0,1.00,0.00,-1.17,2927,3,10.0,29.3,82.0,102.0,202.0,4963.6,16.00,98.0,61.3,0,
4.40,0.40,4.60,12.50,11.08,100.0,16.15,1.853,10.99,190.0,1.00,0.00,-1.17,2929,3,10.1,29.5,82.0,102.0,202.0,4998.0,16.00,98.0,61.7,0,
4.45,0.40,4.60,12.50,11.09,100.0,16.17,1.865,10.99,190.0,1.00,0.00,-1.17,2931,3,10.2,29.8,82.0,102.0,202.0,5032.3,16.00,98.0,62.2,0,
4.50,0.40,4.60,12.50,11.08,100.0,16.20,1.877,11.00,190.0,1.00,0.00,-1.17,2933,3,10.3,30.0,82.0,102.0,202.0,5066.7,16.00,98.0,62.7,0,
4.55,0.40,4.60,12.50,11.08,100.0,16.23,1.888,11.00,190.0,1.00,0.00,-1.17,2935,3,10.4,30.2,82.0,102.0,202.0,5101.0,16.00,98.0,63.1,0,
4.60,0.40,4.60,12.50,11.08,100.0,16.25,1.898,11.00,190.0,1.00,0.00,-1.17,2937,3,10.5,30.5,82.0,102.0,202.0,5135.4,16.00,98.0,63.6,0,
4.65,0.40,4.60,12.50,11.08,100.0,16.28,1.909,11.00,190.0,1.00,0.00,-1.17,2939,3,10.6,30.7,82.0,102.0,202.0,5169.7,16.00,98.0,64.1,0,
4.70,0.40,4.60,12.50,11.07,100.0,16.30,1.918,11.00,190.0,1.00,0.00,-1.17,2941,3,10.7,31.0,82.0,102.0,202.0,5204.0,16.00,98.0,64.5,0,
4.75,0.40,4.60,12.50,11.07,100.0,16.33,1.927,11.01,190.0,1.00,0.00,-1.17,2943,3,10.8,31.2,82.0,102.0,202.0,5238.4,16.00,98.0,65.0,0,
4.80,0.40,4.60,12.50,11.07,100.0,16.35,1.935,11.01,190.0,1.00,0.00,-1.17,2945,3,10.8,31.5,82.0,102.0,202.0,5272.7,16.00,98.0,65.5,0,
4.85,0.40,4.60,12.50,11.06,100.0,16.37,1.942,11.01,190.0,1.00,0.00,-1.17,2947,3,10.9,31.7,82.0,102.0,202.0,5307.1,16.00,98.0,65.9,0,
4.90,0.40,4.60,12.50,11.06,100.0,16.39,1.948,11.01,190.0,1.00,0.00,-1.17,2949,3,11.0,31.9,82.0,102.0,202.0,5341.4,16.00,98.0,66.4,0,
4.95,0.40,4.60,12.50,11.06,100.0,16.41,1.954,11.02,190.0,1.00,0.00,-1.17,2952,3,11.1,32.2,82.0,102.0,202.0,5375.8,16.00,98.0,66.8,0,
5.00,0.40,4.60,12.50,11.06,100.0,16.43,1.960,11.02,190.0,1.00,0.00,-1.17,2954,3,11.2,32.4,82.0,102.0,202.0,5410.1,16.00,98.0,67.3,0,
5.05,0.40,4.60,12.50,11.06,100.0,16.44,1.964,11.02,190.0,1.00,0.00,-1.17,2956,3,11.3,32.7,82.0,102.0,202.0,5444.4,16.00,98.0,67.8,0,
5.10,0.40,4.60,12.50,11.06,100.0,16.45,1.968,11.03,190.0,1.00,0.00,-1.17,2958,3,11.4,32.9,82.0,102.0,202.0,5478.8,16.00,98.0,68.2,0,
5.15,0.40,4.60,12.50,11.07,100.0,16.46,1.971,11.03,190.0,1.00,0.00,-1.17,2960,3,11.5,33.2,82.0,102.0,202.0,5513.1,16.00,98.0,68.7,0,
5.20,0.40,4.60,12.50,11.07,100.0,16.47,1.974,11.03,190.0,1.00,0.00,-1.17,2962,3,11.6,33.4,82.0,102.0,202.0,5547.5,16.00,98.0,69.2,0,
5.25,0.40,4.60,12.50,11.08,100.0,16.48,1.976,11.04,190.0,1.00,0.00,-1.17,2964,3,11.7,33.6,82.0,102.0,202.0,5581.8,16.00,98.0,69.6,0,
5.30,0.40,4.60,12.50,11.09,100.0,16.48,1.978,11.04,190.0,1.00,0.00,-1.17,2966,3,11.8,33.9,82.0,102.0,202.0,5616.2,16.00,98.0,70.1,0,
5.35,0.40,4.60,12.50,11.10,100.0,16.48,1.979,11.04,190.0,1.00,0.00,-1.17,2968,3,11.8,34.1,82.0,102.0,202.0,5650.5,16.00,98.0,70.6,0,
5.40,0.40,4.60,12.50,11.11,100.0,16.48,1.980,11.05,190.0,1.00,0.00,-1.17,2970,3,11.9,34.4,82.0,102.0,202.0,5684.8,16.00,98.0,71.0,0,
5.45,0.40,4.60,12.50,11.12,100.0,16.47,1.981,11.05,190.0,1.00,0.00,-1.17,2972,3,12.0,34.6,82.0,102.0,202.0,5719.2,16.00,98.0,71.5,0,
5.50,0.40,4.60,12.50,11.13,100.0,16.46,1.981,11.05,190.0,1.00,0.00,-1.17,2974,3,12.1,34.8,82.0,102.0,202.0,5753.5,16.00,98.0,72.0,0,
5.55,0.40,4.60,12.50,11.14,100.0,16.45,1.982,11.06,190.0,1.00,0.00,-1.17,2976,3,12.2,35.1,82.0,102.0,202.0,5787.9,16.00,98.0,72.4,0,
5.60,0.40,4.60,12.50,11.15,100.0,16.44,1.982,11.06,190.0,1.00,0.00,-1.17,2978,3,12.3,35.3,82.0,102.0,202.0,5822.2,16.00,98.0,72.9,0,
5.65,0.40,4.60,12.50,11.16,100.0,16.43,1.982,11.06,190.0,1.00,0.00,-1.17,2980,3,12.4,35.6,82.0,102.0,202.0,5856.6,16.00,98.0,73.4,0,
5.70,0.40,4.60,12.50,11.17,100.0,16.41,1.983,11.07,190.0,1.00,0.00,-1.17,2982,3,12.5,35.8,82.0,102.0,202.0,5890.9,16.00,98.0,73.8,0,
5.75,0.40,4.60,12.50,11.17,100.0,16.39,1.983,11.07,190.0,1.00,0.00,-1.17,2984,3,12.6,36.1,82.0,102.0,202.0,5925.3,16.00,98.0,74.3,0,
5.80,0.40,4.60,12.50,11.18,100.0,16.37,1.984,11.07,190.0,1.00,0.00,-1.17,2986,3,12.7,36.3,82.0,102.0,202.0,5959.6,16.00,98.0,74.7,0,
5.85,0.40,4.60,12.50,11.18,100.0,16.35,1.985,11.08,190.0,1.00,0.00,-1.17,2988,3,12.8,36.5,82.0,102.0,202.0,5993.9,16.00,98.0,75.2,0,
5.90,0.40,4.60,12.50,11.18,100.0,16.33,1.986,11.08,190.0,1.00,0.00,-1.17,2990,3,12.8,36.8,82.0,102.0,202.0,6028.3,16.00,98.0,75.7,0,
5.95,0.40,4.60,12.50,11.19,100.0,16.30,1.988,11.08,190.0,1.00,0.00,-1.17,2992,3,12.9,37.0,82.0,102.0,202.0,6062.6,16.00,98.0,76.1,0,
6.00,0.40,4.60,12.50,11.19,100.0,16.28,1.990,11.09,190.0,1.00,0.00,-1.17,2994,3,13.0,37.3,82.0,102.0,202.0,6097.0,16.00,98.0,76.6,0,
6.05,0.40,4.60,12.50,11.18,100.0,16.25,1.993,11.09,190.0,1.00,0.00,-1.17,2996,3,13.1,37.5,82.0,102.0,202.0,6131.3,16.00,98.0,77.1,0,
6.10,0.40,4.60,12.50,11.18,100.0,16.23,1.996,11.10,190.0,1.00,0.00,-1.17,2998,3,13.2,37.8,82.0,102.0,202.0,6165.7,16.00,98.0,77.5,0,
6.15,0.40,4.60,12.50,11.18,100.0,16.20,2.000,11.10,190.0,1.00,0.00,-1.17,3000,3,13.3,38.0,82.0,102.0,202.0,6200.0,16.00,98.0,78.0,0,
6.25,0.40,4.60,12.50,18.50,0.0,-4.50,0.420,14.70,188.0,1.00,0.00,-1.17,900,3,14.0,3.5,76.0,84.0,196.0,4200.0,0.00,2.0,70.0,0,
6.30,0.40,4.60,12.50,18.50,0.0,-4.50,0.420,14.70,188.0,1.00,0.00,-1.17,900,3,14.0,3.5,76.0,84.0,196.0,4120.0,0.00,2.0,69.0,0,
6.35,0.40,4.60,12.50,18.50,0.0,-4.50,0.420,14.70,188.0,1.00,0.00,-1.17,900,3,14.0,3.5,76.0,84.0,196.0,4040.0,0.00,2.0,68.0,0,
6.40,0.40,4.60,12.50,18.50,0.0,-4.50,0.420,14.70,188.0,1.00,0.00,-1.17,900,3,14.0,3.5,76.0,84.0,196.0,3960.0,0.00,2.0,67.0,0,
6.45,0.40,4.60,12.50,18.50,0.0,-4.50,0.420,14.70,188.0,1.00,0.00,-1.17,900,3,14.0,3.5,76.0,84.0,196.0,3880.0,0.00,2.0,66.0,0,
6.50,0.40,4.60,12.50,18.50,0.0,-4.50,0.420,14.70,188.0,1.00,0.00,-1.17,900,3,14.0,3.5,76.0,84.0,196.0,3800.0,0.00,2.0,65.0,0,
6.55,0.40,4.60,12.50,18.50,0.0,-4.50,0.420,14.70,188.0,1.00,0.00,-1.17,900,3,14.0,3.5,76.0,84.0,196.0,3720.0,0.00,2.0,64.0,0,
6.60,0.40,4.60,12.50,18.50,0.0,-4.50,0.420,14.70,188.0,1.00,0.00,-1.17,900,3,14.0,3.5,76.0,84.0,196.0,3640.0,0.00,2.0,63.0,0,
6.65,0.40,4.60,12.50,18.50,0.0,-4.50,0.420,14.70,188.0,1.00,0.00,-1.17,900,3,14.0,3.5,76.0,84.0,196.0,3560.0,0.00,2.0,62.0,0,
6.70,0.40,4.60,12.50,18.50,0.0,-4.50,0.420,14.70,188.0,1.00,0.00,-1.17,900,3,14.0,3.5,76.0,84.0,196.0,3480.0,0.00,2.0,61.0,0,
6.75,0.40,4.60,12.50,18.50,0.0,-4.50,0.420,14.70,188.0,1.00,0.00,-1.17,900,3,14.0,3.5,76.0,84.0,196.0,3400.0,0.00,2.0,60.0,0,
6.80,0.40,4.60,12.50,18.50,0.0,-4.50,0.420,14.70,188.0,1.00,0.00,-1.17,900,3,14.0,3.5,76.0,84.0,196.0,3320.0,0.00,2.0,59.0,0,
6.85,0.40,4.60,12.50,18.50,0.0,-4.50,0.420,14.70,188.0,1.00,0.00,-1.17,900,3,14.0,3.5,76.0,84.0,196.0,3240.0,0.00,2.0,58.0,0,
6.90,0.40,4.60,12.50,18.50,0.0,-4.50,0.420,14.70,188.0,1.00,0.00,-1.17,900,3,14.0,3.5,76.0,84.0,196.0,3160.0,0.00,2.0,57.0,0,
6.95,0.40,4.60,12.50,18.50,0.0,-4.50,0.420,14.70,188.0,1.00,0.00,-1.17,900,3,14.0,3.5,76.0,84.0,196.0,3080.0,0.00,2.0,56.0,0,
7.00,0.40,4.60,12.50,18.50,0.0,-4.50,0.420,14.70,188.0,1.00,0.00,-1.17,900,3,14.0,3.5,76.0,84.0,196.0,3000.0,0.00,2.0,55.0,0,
7.15,0.40,4.60,12.50,13.35,100.0,1.94,0.652,12.80,190.0,1.00,0.00,-1.17,2100,4,5.5,14.0,82.0,88.0,202.0,2400.0,1.94,98.0,46.0,0,
7.20,0.40,4.60,12.50,13.36,100.0,1.94,0.657,12.80,190.0,1.00,0.00,-1.17,2102,4,5.6,14.0,82.0,88.0,202.0,2426.9,1.94,98.0,46.5,0,
7.25,0.40,4.60,12.50,13.36,100.0,1.94,0.663,12.80,190.0,1.00,0.00,-1.17,2103,4,5.7,14.1,82.0,88.0,202.0,2453.8,1.94,98.0,47.0,0,
7.30,0.40,4.60,12.50,13.37,100.0,1.94,0.668,12.80,190.0,1.00,0.00,-1.17,2105,4,5.7,14.1,82.0,88.0,202.0,2480.7,1.94,98.0,47.6,0,
7.35,0.40,4.60,12.50,13.37,100.0,1.94,0.673,12.80,190.0,1.00,0.00,-1.17,2107,4,5.8,14.2,82.0,88.0,202.0,2507.6,1.94,98.0,48.1,0,
7.40,0.40,4.60,12.50,13.37,100.0,2.04,0.683,12.80,190.0,1.00,0.00,-1.17,2113,4,5.9,14.2,82.0,88.1,202.0,2534.5,2.04,98.0,48.6,0,
7.45,0.40,4.60,12.50,13.38,100.0,2.44,0.709,12.80,190.0,1.00,0.00,-1.17,2134,4,5.9,14.2,82.0,88.5,202.0,2561.3,2.44,98.0,49.1,0,
7.50,0.40,4.60,12.50,13.38,100.0,2.85,0.736,12.80,190.0,1.00,0.00,-1.17,2156,4,6.0,14.3,82.0,88.9,202.0,2588.2,2.85,98.0,49.6,0,
7.55,0.40,4.60,12.50,13.38,100.0,3.25,0.763,12.80,190.0,1.00,0.00,-1.17,2177,4,6.0,14.3,82.0,89.3,202.0,2615.1,3.25,98.0,50.2,0,
7.60,0.40,4.60,12.50,13.38,100.0,3.66,0.790,12.80,190.0,1.00,0.00,-1.17,2198,4,6.0,14.4,82.0,89.7,202.0,2642.0,3.66,98.0,50.7,0,
7.65,0.40,4.60,12.50,13.38,100.0,4.07,0.817,12.80,190.0,1.00,0.00,-1.17,2220,4,6.1,14.4,82.0,90.1,202.0,2668.9,4.07,98.0,51.2,0,
7.70,0.40,4.60,12.50,13.38,100.0,4.47,0.844,12.80,190.0,1.00,0.00,-1.17,2241,4,6.1,14.4,82.0,90.4,202.0,2695.8,4.47,98.0,51.7,0,
7.75,0.40,4.60,12.50,13.37,100.0,4.88,0.871,12.80,190.0,1.00,0.00,-1.17,2262,4,6.2,14.5,82.0,90.8,202.0,2722.7,4.88,98.0,52.3,0,
7.80,0.40,4.60,12.50,13.37,100.0,5.29,0.897,12.80,190.0,1.00,0.00,-1.17,2283,4,6.2,14.6,82.0,91.2,202.0,2749.6,5.29,98.0,52.8,0,
7.85,0.40,4.60,12.50,13.37,100.0,5.70,0.924,12.80,190.0,1.00,0.00,-1.17,2305,4,6.2,14.7,82.0,91.6,202.0,2776.5,5.70,98.0,53.3,0,
7.90,0.40,4.60,12.50,13.36,100.0,6.11,0.951,12.80,190.0,1.00,0.00,-1.17,2326,4,6.3,14.9,82.0,92.0,202.0,2803.4,6.11,98.0,53.8,0,
7.95,0.40,4.60,12.50,13.36,100.0,6.52,0.977,12.80,190.0,1.00,0.00,-1.17,2347,4,6.3,15.0,82.0,92.4,202.0,2830.3,6.52,98.0,54.3,0,
8.00,0.40,4.60,12.50,13.35,100.0,6.93,1.003,12.80,190.0,1.00,0.00,-1.17,2369,4,6.4,15.2,82.0,92.8,202.0,2857.1,6.93,98.0,54.9,0,
8.05,0.40,4.60,12.50,13.34,100.0,7.33,1.029,12.80,190.0,1.00,0.00,-1.17,2390,4,6.4,15.3,82.0,93.2,202.0,2884.0,7.33,98.0,55.4,0,
8.10,0.40,4.60,12.50,13.34,100.0,7.74,1.055,12.80,190.0,1.00,0.00,-1.17,2411,4,6.5,15.5,82.0,93.6,202.0,2910.9,7.74,98.0,55.9,0,
8.15,0.40,4.60,12.50,13.33,100.0,8.15,1.081,12.80,190.0,1.00,0.00,-1.17,2432,4,6.5,15.7,82.0,94.0,202.0,2937.8,16.00,98.0,56.4,0,
8.20,0.40,4.60,12.50,13.33,100.0,8.56,1.106,12.80,190.0,1.00,0.00,-1.17,2454,4,6.5,15.9,82.0,94.4,202.0,2964.7,16.00,98.0,56.9,0,
8.25,0.40,4.60,12.50,13.33,100.0,8.96,1.131,12.80,190.0,1.00,0.00,-1.17,2475,4,6.6,16.1,82.0,94.8,202.0,2991.6,16.00,98.0,57.5,0,
8.30,0.40,4.60,12.50,13.32,100.0,9.37,1.157,12.80,190.0,1.00,0.00,-1.17,2496,4,6.6,16.4,82.0,95.2,202.0,3018.5,16.00,98.0,58.0,0,
8.35,0.40,4.60,12.50,13.32,100.0,9.77,1.182,12.80,190.0,1.00,0.00,-1.17,2518,4,6.7,16.6,82.0,95.5,202.0,3045.4,16.00,98.0,58.5,0,
8.40,0.40,4.60,12.50,11.06,100.0,10.17,1.206,11.03,190.0,1.00,0.00,-1.17,2539,4,6.7,16.9,82.0,95.9,202.0,3072.3,16.00,98.0,59.0,0,
8.45,0.40,4.60,12.50,11.06,100.0,10.57,1.231,11.02,190.0,1.00,0.00,-1.17,2560,4,6.8,17.1,82.0,96.3,202.0,3099.2,16.00,98.0,59.5,0,
8.50,0.40,4.60,12.50,11.06,100.0,10.97,1.256,11.02,190.0,1.00,0.00,-1.17,2581,4,6.8,17.4,82.0,96.7,202.0,3126.1,16.00,98.0,60.1,0,
8.55,0.40,4.60,12.50,11.06,100.0,11.37,1.280,11.02,190.0,1.00,0.00,-1.17,2603,4,6.8,17.7,82.0,97.1,202.0,3152.9,16.00,98.0,60.6,0,
8.60,0.40,4.60,12.50,11.06,100.0,11.77,1.305,11.02,190.0,1.00,0.00,-1.17,2624,4,6.9,18.0,82.0,97.5,202.0,3179.8,16.00,98.0,61.1,0,
8.65,0.40,4.60,12.50,11.06,100.0,12.16,1.329,11.01,190.0,1.00,0.00,-1.17,2645,4,6.9,18.3,82.0,97.9,202.0,3206.7,16.00,98.0,61.6,0,
8.70,0.40,4.60,12.50,11.06,100.0,12.55,1.353,11.01,190.0,1.00,0.00,-1.17,2667,4,7.0,18.6,82.0,98.3,202.0,3233.6,16.00,98.0,62.2,0,
8.75,0.40,4.60,12.50,11.06,100.0,12.94,1.378,11.01,190.0,1.00,0.00,-1.17,2688,4,7.0,18.9,82.0,98.7,202.0,3260.5,16.00,98.0,62.7,0,
8.80,0.40,4.60,12.50,11.07,100.0,13.33,1.402,11.01,190.0,1.00,0.00,-1.17,2709,4,7.0,19.3,82.0,99.1,202.0,3287.4,16.00,98.0,63.2,0,
8.85,0.40,4.60,12.50,11.07,100.0,13.72,1.427,11.01,190.0,1.00,0.00,-1.17,2730,4,7.1,19.6,82.0,99.5,202.0,3314.3,16.00,98.0,63.7,0,
8.90,0.40,4.60,12.50,11.07,100.0,14.11,1.452,11.00,190.0,1.00,0.00,-1.17,2752,4,7.1,20.0,82.0,99.9,202.0,3341.2,16.00,98.0,64.2,0,
8.95,0.40,4.60,12.50,11.08,100.0,14.49,1.477,11.00,190.0,1.00,0.00,-1.17,2773,4,7.2,20.4,82.0,100.3,202.0,3368.1,16.00,98.0,64.8,0,
9.00,0.40,4.60,12.50,11.08,100.0,14.87,1.502,11.00,190.0,1.00,0.00,-1.17,2794,4,7.2,20.7,82.0,100.6,202.0,3395.0,16.00,98.0,65.3,0,
9.05,0.40,4.60,12.50,11.08,100.0,15.25,1.528,11.00,190.0,1.00,0.00,-1.17,2816,4,7.3,21.1,82.0,101.0,202.0,3421.8,16.00,98.0,65.8,0,
9.10,0.40,4.60,12.50,11.08,100.0,15.63,1.553,11.00,190.0,1.00,0.00,-1.17,2837,4,7.3,21.5,82.0,101.4,202.0,3448.7,16.00,98.0,66.3,0,
9.15,0.40,4.60,12.50,11.09,100.0,16.01,1.580,11.00,190.0,1.00,0.00,-1.17,2858,4,7.3,22.0,82.0,101.8,202.0,3475.6,16.00,98.0,66.8,0,
9.20,0.40,4.60,12.50,11.09,100.0,16.17,1.592,10.99,190.0,1.00,0.00,-1.17,2869,4,7.4,22.3,82.0,102.0,202.0,3502.5,16.00,98.0,67.4,0,
9.25,0.40,4.60,12.50,11.08,100.0,16.15,1.592,10.99,190.0,1.00,0.00,-1.17,2871,4,7.5,22.5,82.0,102.0,202.0,3529.4,16.00,98.0,67.9,0,
9.30,0.40,4.60,12.50,11.08,100.0,16.13,1.593,10.99,190.0,1.00,0.00,-1.17,2872,4,7.6,22.7,82.0,102.0,202.0,3556.3,16.00,98.0,68.4,0,
9.35,0.40,4.60,12.50,11.08,100.0,16.11,1.594,10.99,190.0,1.00,0.00,-1.17,2874,4,7.6,22.9,82.0,102.0,202.0,3583.2,16.00,98.0,68.9,0,
9.40,0.40,4.60,12.50,11.08,100.0,16.09,1.595,10.99,190.0,1.00,0.00,-1.17,2876,4,7.7,23.1,82.0,102.0,202.0,3610.1,16.00,98.0,69.4,0,
9.45,0.40,4.60,12.50,11.07,100.0,16.07,1.597,10.99,190.0,1.00,0.00,-1.17,2877,4,7.8,23.3,82.0,102.0,202.0,3637.0,16.00,98.0,70.0,0,
9.50,0.40,4.60,12.50,11.07,100.0,16.05,1.600,10.99,190.0,1.00,0.00,-1.17,2879,4,7.9,23.5,82.0,102.0,202.0,3663.9,16.00,98.0,70.5,0,
9.55,0.40,4.60,12.50,11.06,100.0,16.03,1.602,10.99,190.0,1.00,0.00,-1.17,2881,4,7.9,23.7,82.0,102.0,202.0,3690.8,16.00,98.0,71.0,0,
9.60,0.40,4.60,12.50,11.06,100.0,16.01,1.605,10.98,190.0,1.00,0.00,-1.17,2882,4,8.0,23.9,82.0,102.0,202.0,3717.6,16.00,98.0,71.5,0,
9.65,0.40,4.60,12.50,11.05,100.0,16.00,1.609,10.98,190.0,1.00,0.00,-1.17,2884,4,8.1,24.1,82.0,102.0,202.0,3744.5,16.00,98.0,72.1,0,
9.70,0.40,4.60,12.50,11.04,100.0,15.98,1.613,10.98,190.0,1.00,0.00,-1.17,2886,4,8.2,24.3,82.0,102.0,202.0,3771.4,16.00,98.0,72.6,0,
9.75,0.40,4.60,12.50,11.04,100.0,15.97,1.618,10.98,190.0,1.00,0.00,-1.17,2887,4,8.2,24.5,82.0,102.0,202.0,3798.3,16.00,98.0,73.1,0,
9.80,0.40,4.60,12.50,11.03,100.0,15.96,1.623,10.98,190.0,1.00,0.00,-1.17,2889,4,8.3,24.7,82.0,102.0,202.0,3825.2,16.00,98.0,73.6,0,
9.85,0.40,4.60,12.50,11.03,100.0,15.95,1.629,10.98,190.0,1.00,0.00,-1.17,2891,4,8.4,24.9,82.0,102.0,202.0,3852.1,16.00,98.0,74.1,0,
9.90,0.40,4.60,12.50,11.02,100.0,15.94,1.635,10.98,190.0,1.00,0.00,-1.17,2892,4,8.5,25.1,82.0,102.0,202.0,3879.0,16.00,98.0,74.7,0,
9.95,0.40,4.60,12.50,11.02,100.0,15.93,1.642,10.98,190.0,1.00,0.00,-1.17,2894,4,8.5,25.3,82.0,102.0,202.0,3905.9,16.00,98.0,75.2,0,
10.00,0.40,4.60,12.50,11.01,100.0,15.93,1.649,10.98,190.0,1.00,0.00,-1.17,2896,4,8.6,25.5,82.0,102.0,202.0,3932.8,16.00,98.0,75.7,0,
10.05,0.40,4.60,12.50,11.01,100.0,15.92,1.657,10.98,190.0,1.00,0.00,-1.17,2897,4,8.7,25.7,82.0,102.0,202.0,3959.7,16.00,98.0,76.2,0,
10.10,0.40,4.60,12.50,11.01,100.0,15.92,1.665,10.98,190.0,1.00,0.00,-1.17,2899,4,8.8,25.9,82.0,102.0,202.0,3986.6,16.00,98.0,76.7,0,
10.15,0.40,4.60,12.50,11.01,100.0,15.92,1.674,10.98,190.0,1.00,0.00,-1.17,2901,4,8.8,26.1,82.0,102.0,202.0,4013.4,16.00,98.0,77.3,0,
10.20,0.40,4.60,12.50,11.01,100.0,15.92,1.683,10.98,190.0,1.00,0.00,-1.17,2903,4,8.9,26.3,82.0,102.0,202.0,4040.3,16.00,98.0,77.8,0,
10.25,0.40,4.60,12.50,11.01,100.0,15.93,1.692,10.98,190.0,1.00,0.00,-1.17,2904,4,9.0,26.5,82.0,102.0,202.0,4067.2,16.00,98.0,78.3,0,
10.30,0.40,4.60,12.50,11.02,100.0,15.93,1.702,10.98,190.0,1.00,0.00,-1.17,2906,4,9.1,26.7,82.0,102.0,202.0,4094.1,16.00,98.0,78.8,0,
10.35,0.40,4.60,12.50,11.02,100.0,15.94,1.712,10.98,190.0,1.00,0.00,-1.17,2908,4,9.1,26.9,82.0,102.0,202.0,4121.0,16.00,98.0,79.3,0,
10.40,0.40,4.60,12.50,11.03,100.0,15.95,1.723,10.98,190.0,1.00,0.00,-1.17,2909,4,9.2,27.1,82.0,102.0,202.0,4147.9,16.00,98.0,79.9,0,
10.45,0.40,4.60,12.50,11.03,100.0,15.96,1.733,10.98,190.0,1.00,0.00,-1.17,2911,4,9.3,27.3,82.0,102.0,202.0,4174.8,16.00,98.0,80.4,0,
10.50,0.40,4.60,12.50,11.04,100.0,15.97,1.744,10.98,190.0,1.00,0.00,-1.17,2913,4,9.4,27.5,82.0,102.0,202.0,4201.7,16.00,98.0,80.9,0,
10.55,0.40,4.60,12.50,11.80,100.0,15.98,1.755,10.98,190.0,1.00,0.00,-1.17,2914,4,9.4,27.7,82.0,102.0,202.0,4228.6,16.00,98.0,81.4,0,
10.60,0.40,4.60,12.50,11.80,100.0,16.00,1.766,10.98,190.0,1.00,0.00,-1.17,2916,4,9.5,27.9,82.0,102.0,202.0,4255.5,16.00,98.0,81.9,0,
10.65,0.40,4.60,12.50,11.80,100.0,16.01,1.777,10.98,190.0,1.00,0.00,-1.17,2918,4,9.6,28.1,82.0,102.0,202.0,4282.4,16.00,98.0,82.5,0,
10.70,0.40,4.60,12.50,11.06,100.0,16.03,1.789,10.99,190.0,1.00,0.00,-1.17,2919,4,9.7,28.3,82.0,102.0,202.0,4309.2,16.00,98.0,83.0,0,
10.75,0.40,4.60,12.50,11.07,100.0,16.05,1.800,10.99,190.0,1.00,0.00,-1.17,2921,4,9.7,28.5,82.0,102.0,202.0,4336.1,16.00,98.0,83.5,0,
10.80,0.40,4.60,12.50,11.07,100.0,16.07,1.811,10.99,190.0,1.00,0.00,-1.17,2923,4,9.8,28.7,82.0,102.0,202.0,4363.0,16.00,98.0,84.0,0,
10.85,0.40,4.60,12.50,11.08,100.0,16.09,1.822,10.99,190.0,1.00,0.00,-1.17,2924,4,9.9,28.9,82.0,102.0,202.0,4389.9,16.00,98.0,84.6,0,
10.90,0.40,4.60,12.50,11.08,100.0,16.11,1.833,10.99,190.0,1.00,0.00,-1.17,2926,4,10.0,29.1,82.0,102.0,202.0,4416.8,16.00,98.0,85.1,0,
10.95,0.40,4.60,12.50,11.08,100.0,16.13,1.843,10.99,190.0,1.00,0.00,-1.17,2928,4,10.0,29.3,82.0,102.0,202.0,4443.7,16.00,98.0,85.6,0,
11.00,0.40,4.60,12.50,11.08,100.0,16.15,1.854,10.99,190.0,1.00,0.00,-1.17,2929,4,10.1,29.5,82.0,102.0,202.0,4470.6,16.00,98.0,86.1,0,
11.05,0.40,4.60,12.50,11.09,100.0,16.17,1.864,10.99,190.0,1.00,0.00,-1.17,2931,4,10.2,29.7,82.0,102.0,202.0,4497.5,16.00,98.0,86.6,0,
11.10,0.40,4.60,12.50,11.09,100.0,16.19,1.874,11.00,190.0,1.00,0.00,-1.17,2933,4,10.3,29.9,82.0,102.0,202.0,4524.4,16.00,98.0,87.2,0,
11.15,0.40,4.60,12.50,11.08,100.0,16.21,1.883,11.00,190.0,1.00,0.00,-1.17,2934,4,10.4,30.1,82.0,102.0,202.0,4551.3,16.00,98.0,87.7,0,
11.20,0.40,4.60,12.50,11.08,100.0,16.24,1.892,11.00,190.0,1.00,0.00,-1.17,2936,4,10.4,30.3,82.0,102.0,202.0,4578.2,16.00,98.0,88.2,0,
11.25,0.40,4.60,12.50,11.08,100.0,16.26,1.901,11.00,190.0,1.00,0.00,-1.17,2938,4,10.5,30.5,82.0,102.0,202.0,4605.0,16.00,98.0,88.7,0,
11.30,0.40,4.60,12.50,11.08,100.0,16.28,1.909,11.00,190.0,1.00,0.00,-1.17,2939,4,10.6,30.7,82.0,102.0,202.0,4631.9,16.00,98.0,89.2,0,
11.35,0.40,4.60,12.50,11.07,100.0,16.30,1.917,11.00,190.0,1.00,0.00,-1.17,2941,4,10.7,30.9,82.0,102.0,202.0,4658.8,16.00,98.0,89.8,0,
11.40,0.40,4.60,12.50,11.07,100.0,16.32,1.924,11.01,190.0,1.00,0.00,-1.17,2943,4,10.7,31.1,82.0,102.0,202.0,4685.7,16.00,98.0,90.3,0,
11.45,0.40,4.60,12.50,11.07,100.0,16.34,1.931,11.01,190.0,1.00,0.00,-1.17,2945,4,10.8,31.3,82.0,102.0,202.0,4712.6,16.00,98.0,90.8,0,
11.50,0.40,4.60,12.50,11.06,100.0,16.36,1.937,11.01,190.0,1.00,0.00,-1.17,2946,4,10.9,31.5,82.0,102.0,202.0,4739.5,16.00,98.0,91.3,0,
11.55,0.40,4.60,12.50,11.06,100.0,16.38,1.943,11.01,190.0,1.00,0.00,-1.17,2948,4,11.0,31.7,82.0,102.0,202.0,4766.4,16.00,98.0,91.8,0,
11.60,0.40,4.60,12.50,11.06,100.0,16.39,1.949,11.01,190.0,1.00,0.00,-1.17,2950,4,11.0,31.9,82.0,102.0,202.0,4793.3,16.00,98.0,92.4,0,
11.65,0.40,4.60,12.50,11.06,100.0,16.41,1.954,11.02,190.0,1.00,0.00,-1.17,2951,4,11.1,32.2,82.0,102.0,202.0,4820.2,16.00,98.0,92.9,0,
11.70,0.40,4.60,12.50,11.06,100.0,16.42,1.958,11.02,190.0,1.00,0.00,-1.17,2953,4,11.2,32.4,82.0,102.0,202.0,4847.1,16.00,98.0,93.4,0,
11.75,0.40,4.60,12.50,11.06,100.0,16.44,1.962,11.02,190.0,1.00,0.00,-1.17,2955,4,11.3,32.6,82.0,102.0,202.0,4873.9,16.00,98.0,93.9,0,
11.80,0.40,4.60,12.50,11.06,100.0,16.45,1.966,11.02,190.0,1.00,0.00,-1.17,2956,4,11.3,32.8,82.0,102.0,202.0,4900.8,16.00,98.0,94.5,0,
11.85,0.40,4.60,12.50,11.06,100.0,16.46,1.969,11.03,190.0,1.00,0.00,-1.17,2958,4,11.4,33.0,82.0,102.0,202.0,4927.7,16.00,98.0,95.0,0,
11.90,0.40,4.60,12.50,11.07,100.0,16.46,1.971,11.03,190.0,1.00,0.00,-1.17,2960,4,11.5,33.2,82.0,102.0,202.0,4954.6,16.00,98.0,95.5,0,
11.95,0.40,4.60,12.50,11.07,100.0,16.47,1.974,11.03,190.0,1.00,0.00,-1.17,2961,4,11.6,33.4,82.0,102.0,202.0,4981.5,16.00,98.0,96.0,0,
12.00,0.40,4.60,12.50,11.08,100.0,16.48,1.975,11.03,190.0,1.00,0.00,-1.17,2963,4,11.6,33.6,82.0,102.0,202.0,5008.4,16.00,98.0,96.5,0,
12.05,0.40,4.60,12.50,11.09,100.0,16.48,1.977,11.04,190.0,1.00,0.00,-1.17,2965,4,11.7,33.8,82.0,102.0,202.0,5035.3,16.00,98.0,97.1,0,
12.10,0.40,4.60,12.50,11.09,100.0,16.48,1.978,11.04,190.0,1.00,0.00,-1.17,2966,4,11.8,34.0,82.0,102.0,202.0,5062.2,16.00,98.0,97.6,0,
12.15,0.40,4.60,12.50,11.10,100.0,16.48,1.979,11.04,190.0,1.00,0.00,-1.17,2968,4,11.9,34.2,82.0,102.0,202.0,5089.1,16.00,98.0,98.1,0,
12.20,0.40,4.60,12.50,11.11,100.0,16.48,1.980,11.05,190.0,1.00,0.00,-1.17,2970,4,11.9,34.4,82.0,102.0,202.0,5116.0,16.00,98.0,98.6,0,
12.25,0.40,4.60,12.50,11.12,100.0,16.47,1.981,11.05,190.0,1.00,0.00,-1.17,2971,4,12.0,34.6,82.0,102.0,202.0,5142.9,16.00,98.0,99.1,0,
12.30,0.40,4.60,12.50,11.13,100.0,16.47,1.981,11.05,190.0,1.00,0.00,-1.17,2973,4,12.1,34.8,82.0,102.0,202.0,5169.7,16.00,98.0,99.7,0,
12.35,0.40,4.60,12.50,11.14,100.0,16.46,1.981,11.05,190.0,1.00,0.00,-1.17,2975,4,12.2,35.0,82.0,102.0,202.0,5196.6,16.00,98.0,100.2,0,
12.40,0.40,4.60,12.50,11.15,100.0,16.45,1.982,11.06,190.0,1.00,0.00,-1.17,2976,4,12.2,35.2,82.0,102.0,202.0,5223.5,16.00,98.0,100.7,0,
12.45,0.40,4.60,12.50,11.15,100.0,16.44,1.982,11.06,190.0,1.00,0.00,-1.17,2978,4,12.3,35.4,82.0,102.0,202.0,5250.4,16.00,98.0,101.2,0,
12.50,0.40,4.60,12.50,11.16,100.0,16.43,1.982,11.06,190.0,1.00,0.00,-1.17,2980,4,12.4,35.6,82.0,102.0,202.0,5277.3,16.00,98.0,101.7,0,
12.55,0.40,4.60,12.50,11.17,100.0,16.41,1.982,11.07,190.0,1.00,0.00,-1.17,2982,4,12.5,35.8,82.0,102.0,202.0,5304.2,16.00,98.0,102.3,0,
12.60,0.40,4.60,12.50,11.17,100.0,16.40,1.983,11.07,190.0,1.00,0.00,-1.17,2983,4,12.5,36.0,82.0,102.0,202.0,5331.1,16.00,98.0,102.8,0,
12.65,0.40,4.60,12.50,11.18,100.0,16.38,1.983,11.07,190.0,1.00,0.00,-1.17,2985,4,12.6,36.2,82.0,102.0,202.0,5358.0,16.00,98.0,103.3,0,
12.70,0.40,4.60,12.50,11.18,100.0,16.37,1.984,11.07,190.0,1.00,0.00,-1.17,2987,4,12.7,36.4,82.0,102.0,202.0,5384.9,16.00,98.0,103.8,0,
12.75,0.40,4.60,12.50,11.18,100.0,16.35,1.985,11.08,190.0,1.00,0.00,-1.17,2988,4,12.8,36.6,82.0,102.0,202.0,5411.8,16.00,98.0,104.4,0,
12.80,0.40,4.60,12.50,11.18,100.0,16.33,1.986,11.08,190.0,1.00,0.00,-1.17,2990,4,12.8,36.8,82.0,102.0,202.0,5438.7,16.00,98.0,104.9,0,
12.85,0.40,4.60,12.50,11.19,100.0,16.31,1.988,11.08,190.0,1.00,0.00,-1.17,2992,4,12.9,37.0,82.0,102.0,202.0,5465.5,16.00,98.0,105.4,0,
12.90,0.40,4.60,12.50,11.19,100.0,16.29,1.989,11.09,190.0,1.00,0.00,-1.17,2993,4,13.0,37.2,82.0,102.0,202.0,5492.4,16.00,98.0,105.9,0,
12.95,0.40,4.60,12.50,11.18,100.0,16.27,1.991,11.09,190.0,1.00,0.00,-1.17,2995,4,13.1,37.4,82.0,102.0,202.0,5519.3,16.00,98.0,106.4,0,
13.00,0.40,4.60,12.50,11.18,100.0,16.24,1.994,11.09,190.0,1.00,0.00,-1.17,2997,4,13.1,37.6,82.0,102.0,202.0,5546.2,16.00,98.0,107.0,0,
13.05,0.40,4.60,12.50,11.18,100.0,16.22,1.997,11.10,190.0,1.00,0.00,-1.17,2998,4,13.2,37.8,82.0,102.0,202.0,5573.1,16.00,98.0,107.5,0,
13.10,0.40,4.60,12.50,11.18,100.0,16.20,2.000,11.10,190.0,1.00,0.00,-1.17,3000,4,13.3,38.0,82.0,102.0,202.0,5600.0,16.00,98.0,108.0,0,
13.25,0.40,4.60,12.50,18.50,0.0,-4.50,0.420,14.70,188.0,1.00,0.00,-1.17,900,3,14.0,3.5,76.0,84.0,196.0,4200.0,0.00,2.0,70.0,0,
13.30,0.40,4.60,12.50,18.50,0.0,-4.50,0.420,14.70,188.0,1.00,0.00,-1.17,900,3,14.0,3.5,76.0,84.0,196.0,4120.0,0.00,2.0,69.0,0,
13.35,0.40,4.60,12.50,18.50,0.0,-4.50,0.420,14.70,188.0,1.00,0.00,-1.17,900,3,14.0,3.5,76.0,84.0,196.0,4040.0,0.00,2.0,68.0,0,
13.40,0.40,4.60,12.50,18.50,0.0,-4.50,0.420,14.70,188.0,1.00,0.00,-1.17,900,3,14.0,3.5,76.0,84.0,196.0,3960.0,0.00,2.0,67.0,0,
13.45,0.40,4.60,12.50,18.50,0.0,-4.50,0.420,14.70,188.0,1.00,0.00,-1.17,900,3,14.0,3.5,76.0,84.0,196.0,3880.0,0.00,2.0,66.0,0,
13.50,0.40,4.60,12.50,18.50,0.0,-4.50,0.420,14.70,188.0,1.00,0.00,-1.17,900,3,14.0,3.5,76.0,84.0,196.0,3800.0,0.00,2.0,65.0,0,
13.55,0.40,4.60,12.50,18.50,0.0,-4.50,0.420,14.70,188.0,1.00,0.00,-1.17,900,3,14.0,3.5,76.0,84.0,196.0,3720.0,0.00,2.0,64.0,0,
13.60,0.40,4.60,12.50,18.50,0.0,-4.50,0.420,14.70,188.0,1.00,0.00,-1.17,900,3,14.0,3.5,76.0,84.0,196.0,3640.0,0.00,2.0,63.0,0,
13.65,0.40,4.60,12.50,18.50,0.0,-4.50,0.420,14.70,188.0,1.00,0.00,-1.17,900,3,14.0,3.5,76.0,84.0,196.0,3560.0,0.00,2.0,62.0,0,
13.70,0.40,4.60,12.50,18.50,0.0,-4.50,0.420,14.70,188.0,1.00,0.00,-1.17,900,3,14.0,3.5,76.0,84.0,196.0,3480.0,0.00,2.0,61.0,0,
13.75,0.40,4.60,12.50,18.50,0.0,-4.50,0.420,14.70,188.0,1.00,0.00,-1.17,900,3,14.0,3.5,76.0,84.0,196.0,3400.0,0.00,2.0,60.0,0,
13.80,0.40,4.60,12.50,18.50,0.0,-4.50,0.420,14.70,188.0,1.00,0.00,-1.17,900,3,14.0,3.5,76.0,84.0,196.0,3320.0,0.00,2.0,59.0,0,
13.85,0.40,4.60,12.50,18.50,0.0,-4.50,0.420,14.70,188.0,1.00,0.00,-1.17,900,3,14.0,3.5,76.0,84.0,196.0,3240.0,0.00,2.0,58.0,0,
13.90,0.40,4.60,12.50,18.50,0.0,-4.50,0.420,14.70,188.0,1.00,0.00,-1.17,900,3,14.0,3.5,76.0,84.0,196.0,3160.0,0.00,2.0,57.0,0,
13.95,0.40,4.60,12.50,18.50,0.0,-4.50,0.420,14.70,188.0,1.00,0.00,-1.17,900,3,14.0,3.5,76.0,84.0,196.0,3080.0,0.00,2.0,56.0,0,
14.00,0.40,4.60,12.50,18.50,0.0,-4.50,0.420,14.70,188.0,1.00,0.00,-1.17,900,3,14.0,3.5,76.0,84.0,196.0,3000.0,0.00,2.0,55.0,0,
